<?xml version="1.0" encoding="UTF-8" standalone="yes"?><data-set xmlns:xsi="http://www.w3.org/2001/XMLSchema-instance"><Data><Country code="93">Afghanistan</Country><Country code="355">Albania</Country><Country code="213">Algeria</Country><Country code="1 684">American Samoa</Country><Country code="376">Andorra</Country><Country code="244">Angola</Country><Country code="1 264">Anguilla</Country><Country code="672">Antarctica</Country><Country code="1 268">Antigua and Barbuda</Country><Country code="54">Argentina</Country><Country code="374">Armenia</Country><Country code="297">Aruba</Country><Country code="61">Australia</Country><Country code="43">Austria</Country><Country code="994">Azerbaijan</Country><Country code="1 242">Bahamas</Country><Country code="973">Bahrain</Country><Country code="880">Bangladesh</Country><Country code="1 246">Barbados</Country><Country code="375">Belarus</Country><Country code="32">Belgium</Country><Country code="501">Belize</Country><Country code="229">Benin</Country><Country code="1 441">Bermuda</Country><Country code="975">Bhutan</Country><Country code="591">Bolivia</Country><Country code="387">Bosnia and Herzegovina</Country><Country code="267">Botswana</Country><Country code="55">Brazil</Country><Country code="1 284">British Virgin Islands</Country><Country code="673">Brunei</Country><Country code="359">Bulgaria</Country><Country code="226">Burkina Faso</Country><Country code="95">Burma (Myanmar)</Country><Country code="257">Burundi</Country><Country code="855">Cambodia</Country><Country code="237">Cameroon</Country><Country code="1">Canada</Country><Country code="238">Cape Verde</Country><Country code="1 345">Cayman Islands</Country><Country code="236">Central African Republic</Country><Country code="235">Chad</Country><Country code="56">Chile</Country><Country code="86">China</Country><Country code="61">Christmas Island</Country><Country code="61">Cocos (Keeling) Islands</Country><Country code="57">Colombia</Country><Country code="269">Comoros</Country><Country code="682">Cook Islands</Country><Country code="506">Costa Rica</Country><Country code="385">Croatia</Country><Country code="53">Cuba</Country><Country code="357">Cyprus</Country><Country code="420">Czech Republic</Country><Country code="243">Democratic Republic of the Congo</Country><Country code="45">Denmark</Country><Country code="253">Djibouti</Country><Country code="1 767">Dominica</Country><Country code="1 809">Dominican Republic</Country><Country code="593">Ecuador</Country><Country code="20">Egypt</Country><Country code="503">El Salvador</Country><Country code="240">Equatorial Guinea</Country><Country code="291">Eritrea</Country><Country code="372">Estonia</Country><Country code="251">Ethiopia</Country><Country code="500">Falkland Islands</Country><Country code="298">Faroe Islands</Country><Country code="679">Fiji</Country><Country code="358">Finland</Country><Country code="33">France</Country><Country code="689">French Polynesia</Country><Country code="241">Gabon</Country><Country code="220">Gambia</Country><Country code="970">Gaza Strip</Country><Country code="995">Georgia</Country><Country code="49">Germany</Country><Country code="233">Ghana</Country><Country code="350">Gibraltar</Country><Country code="30">Greece</Country><Country code="299">Greenland</Country><Country code="1 473">Grenada</Country><Country code="1 671">Guam</Country><Country code="502">Guatemala</Country><Country code="224">Guinea</Country><Country code="245">Guinea-Bissau</Country><Country code="592">Guyana</Country><Country code="509">Haiti</Country><Country code="39">Holy See (Vatican City)</Country><Country code="504">Honduras</Country><Country code="852">Hong Kong</Country><Country code="36">Hungary</Country><Country code="354">Iceland</Country><Country code="91">India</Country><Country code="62">Indonesia</Country><Country code="98">Iran</Country><Country code="964">Iraq</Country><Country code="353">Ireland</Country><Country code="44">Isle of Man</Country><Country code="972">Israel</Country><Country code="39">Italy</Country><Country code="225">Ivory Coast</Country><Country code="1 876">Jamaica</Country><Country code="81">Japan</Country><Country code="962">Jordan</Country><Country code="7">Kazakhstan</Country><Country code="254">Kenya</Country><Country code="686">Kiribati</Country><Country code="381">Kosovo</Country><Country code="965">Kuwait</Country><Country code="996">Kyrgyzstan</Country><Country code="856">Laos</Country><Country code="371">Latvia</Country><Country code="961">Lebanon</Country><Country code="266">Lesotho</Country><Country code="231">Liberia</Country><Country code="218">Libya</Country><Country code="423">Liechtenstein</Country><Country code="370">Lithuania</Country><Country code="352">Luxembourg</Country><Country code="853">Macau</Country><Country code="389">Macedonia</Country><Country code="261">Madagascar</Country><Country code="265">Malawi</Country><Country code="60">Malaysia</Country><Country code="960">Maldives</Country><Country code="223">Mali</Country><Country code="356">Malta</Country><Country code="692">Marshall Islands</Country><Country code="222">Mauritania</Country><Country code="230">Mauritius</Country><Country code="262">Mayotte</Country><Country code="52">Mexico</Country><Country code="691">Micronesia</Country><Country code="373">Moldova</Country><Country code="377">Monaco</Country><Country code="976">Mongolia</Country><Country code="382">Montenegro</Country><Country code="1 664">Montserrat</Country><Country code="212">Morocco</Country><Country code="258">Mozambique</Country><Country code="264">Namibia</Country><Country code="674">Nauru</Country><Country code="977">Nepal</Country><Country code="31">Netherlands</Country><Country code="599">Netherlands Antilles</Country><Country code="687">New Caledonia</Country><Country code="64">New Zealand</Country><Country code="505">Nicaragua</Country><Country code="227">Niger</Country><Country code="234">Nigeria</Country><Country code="683">Niue</Country><Country code="672">Norfolk Island</Country><Country code="850">North Korea</Country><Country code="1 670">Northern Mariana Islands</Country><Country code="47">Norway</Country><Country code="968">Oman</Country><Country code="92">Pakistan</Country><Country code="680">Palau</Country><Country code="507">Panama</Country><Country code="675">Papua New Guinea</Country><Country code="595">Paraguay</Country><Country code="51">Peru</Country><Country code="63">Philippines</Country><Country code="870">Pitcairn Islands</Country><Country code="48">Poland</Country><Country code="351">Portugal</Country><Country code="1">Puerto Rico</Country><Country code="974">Qatar</Country><Country code="242">Republic of the Congo</Country><Country code="40">Romania</Country><Country code="7">Russia</Country><Country code="250">Rwanda</Country><Country code="590">Saint Barthelemy</Country><Country code="290">Saint Helena</Country><Country code="1 869">Saint Kitts and Nevis</Country><Country code="1 758">Saint Lucia</Country><Country code="1 599">Saint Martin</Country><Country code="508">Saint Pierre and Miquelon</Country><Country code="1 784">Saint Vincent and the Grenadines</Country><Country code="685">Samoa</Country><Country code="378">San Marino</Country><Country code="239">Sao Tome and Principe</Country><Country code="966">Saudi Arabia</Country><Country code="221">Senegal</Country><Country code="381">Serbia</Country><Country code="248">Seychelles</Country><Country code="232">Sierra Leone</Country><Country code="65">Singapore</Country><Country code="421">Slovakia</Country><Country code="386">Slovenia</Country><Country code="677">Solomon Islands</Country><Country code="252">Somalia</Country><Country code="27">South Africa</Country><Country code="82">South Korea</Country><Country code="34">Spain</Country><Country code="94">Sri Lanka</Country><Country code="249">Sudan</Country><Country code="597">Suriname</Country><Country code="268">Swaziland</Country><Country code="46">Sweden</Country><Country code="41">Switzerland</Country><Country code="963">Syria</Country><Country code="886">Taiwan</Country><Country code="992">Tajikistan</Country><Country code="255">Tanzania</Country><Country code="66">Thailand</Country><Country code="670">Timor-Leste</Country><Country code="228">Togo</Country><Country code="690">Tokelau</Country><Country code="676">Tonga</Country><Country code="1 868">Trinidad and Tobago</Country><Country code="216">Tunisia</Country><Country code="90">Turkey</Country><Country code="993">Turkmenistan</Country><Country code="1 649">Turks and Caicos Islands</Country><Country code="688">Tuvalu</Country><Country code="256">Uganda</Country><Country code="380">Ukraine</Country><Country code="971">United Arab Emirates</Country><Country code="44">United Kingdom</Country><Country code="1">United States</Country><Country code="598">Uruguay</Country><Country code="1 340">US Virgin Islands</Country><Country code="998">Uzbekistan</Country><Country code="678">Vanuatu</Country><Country code="58">Venezuela</Country><Country code="84">Vietnam</Country><Country code="681">Wallis and Futuna</Country><Country code="970">West Bank</Country><Country code="967">Yemen</Country><Country code="260">Zambia</Country><Country code="263">Zimbabwe</Country>	</data></data-set>