-- phpMyAdmin SQL Dump
-- version 3.5.8.2
-- http://www.phpmyadmin.net
--
-- 主机: localhost
-- 生成日期: 2014 年 08 月 30 日 02:33
-- 服务器版本: 5.1.73
-- PHP 版本: 5.3.28

SET SQL_MODE="NO_AUTO_VALUE_ON_ZERO";
SET time_zone = "+00:00";


/*!40101 SET @OLD_CHARACTER_SET_CLIENT=@@CHARACTER_SET_CLIENT */;
/*!40101 SET @OLD_CHARACTER_SET_RESULTS=@@CHARACTER_SET_RESULTS */;
/*!40101 SET @OLD_COLLATION_CONNECTION=@@COLLATION_CONNECTION */;
/*!40101 SET NAMES utf8 */;

--
-- 数据库: `seayu_catchup`
--

-- --------------------------------------------------------

--
-- 表的结构 `tbl_comment`
--

CREATE TABLE IF NOT EXISTS `tbl_comment` (
  `comment_id` int(10) NOT NULL AUTO_INCREMENT,
  `create_by` int(11) NOT NULL,
  `create_at` timestamp NOT NULL DEFAULT CURRENT_TIMESTAMP ON UPDATE CURRENT_TIMESTAMP,
  `comment` varchar(256) COLLATE utf8_unicode_ci DEFAULT NULL,
  PRIMARY KEY (`comment_id`)
) ENGINE=MyISAM  DEFAULT CHARSET=utf8 COLLATE=utf8_unicode_ci AUTO_INCREMENT=10114 ;

--
-- 转存表中的数据 `tbl_comment`
--

INSERT INTO `tbl_comment` (`comment_id`, `create_by`, `create_at`, `comment`) VALUES
(1, 1, '2014-04-29 15:59:35', 'I like Starbucks'),
(2, 3, '2014-04-29 16:00:41', 'You drink coffee ga meh'),
(3, 1, '2014-04-29 16:45:53', 'Of cos but not addicted'),
(4, 1, '2014-05-02 18:03:15', 'of Cos not Addicted You Know? You Know? You KNOW???????'),
(5, 1, '2014-05-29 15:39:50', 'ADD'),
(6, 1, '2014-05-29 15:52:41', 'ADD2'),
(7, 1, '2014-05-29 17:08:26', 'ADD23'),
(8, 1, '2014-05-29 17:18:10', 'ADD234'),
(9, 1, '2014-05-29 17:29:55', 'ADD2345'),
(10, 1, '2014-05-29 17:30:24', 'ADD23454'),
(11, 1, '2014-05-29 17:30:41', 'ADD234541ewdaesda'),
(12, 1, '2014-05-29 17:31:04', 'ADD234541ewdaesdafdfjhgfdghjhgfhjhg'),
(13, 1, '2014-05-29 17:31:32', 'ADD234541ewdaesdafdfjhgfdghjhgfhjhgsaaaasas'),
(14, 1, '2014-05-29 17:32:42', 'ADD234541ewdaesdafdfjhgfdghjhgfhjhgsaaaasas'),
(15, 1, '2014-05-29 17:33:04', '&#20320;&#22909;'),
(16, 1, '2014-05-29 17:33:37', '&#25105;&#24456;&#22909;&#21568;'),
(17, 1, '2014-05-29 17:39:40', '&#25105;&#24456;&#22909;&#21568;'),
(19, 1, '2014-06-01 20:21:54', 'yes'),
(20, 1, '2014-06-01 20:22:09', 'yes r'),
(134, 1, '2014-06-14 12:19:08', 'hi'),
(23, 1, '2014-06-01 20:31:00', 'rrr'),
(135, 1, '2014-06-15 13:40:30', 'test'),
(133, 3, '2014-06-05 13:38:44', 'kkjgkukhgjgchkvkhvkhvigckjvutfkhvljbkhcjgcougpugkyxficoyiyf'),
(132, 3, '2014-06-05 13:38:21', 'hhhhhi'),
(131, 3, '2014-06-05 13:38:17', 'lll'),
(130, 3, '2014-06-05 13:38:11', '中文字'),
(129, 3, '2014-06-05 13:37:52', '中文字'),
(128, 3, '2014-06-05 13:37:43', 'llll'),
(127, 3, '2014-06-05 13:37:18', 'really like whatsapp wor'),
(126, 3, '2014-06-05 13:37:03', 'yo'),
(125, 17, '2014-06-05 13:25:52', '我又怎樣'),
(9923, 999010, '2014-06-28 10:09:06', 'hihi'),
(9919, 999010, '2014-06-28 09:11:55', 'test'),
(9902, 999001, '2012-03-03 21:06:12', 'Comment message 2'),
(48, 1, '2014-06-01 20:52:17', '89290'),
(9920, 999010, '2014-06-28 09:29:00', 'hi'),
(9905, 999001, '2012-03-03 21:06:15', 'Comment message 9905'),
(9904, 999002, '2012-03-03 21:06:13', 'Comment message 9904'),
(55, 1, '2014-06-01 20:58:16', 'congrats!'),
(56, 1, '2014-06-01 20:58:36', 'congrats!2'),
(9901, 999001, '2012-03-03 21:06:11', 'Comment message'),
(9903, 999001, '2012-03-03 21:06:12', 'Comment message 9903'),
(124, 1, '2014-06-05 13:23:11', '你'),
(123, 17, '2014-06-05 10:47:39', 'hi'),
(9922, 999010, '2014-06-28 10:08:28', 'Gigi'),
(122, 1, '2014-06-05 10:47:29', 'hi'),
(121, 1, '2014-06-05 10:36:49', 'haha'),
(72, 1, '2014-06-02 09:43:41', '2'),
(73, 1, '2014-06-02 09:50:54', '4'),
(120, 17, '2014-06-05 10:36:30', 'I am at home'),
(119, 1, '2014-06-05 10:36:20', 'where r u'),
(116, 1, '2014-06-03 14:40:24', 'hi'),
(117, 1, '2014-06-03 16:58:04', 'where am I '),
(118, 1, '2014-06-05 09:21:48', 'this is a really really really really long long msg'),
(115, 1, '2014-06-03 14:34:37', 'hi'),
(9921, 999010, '2014-06-28 10:05:41', 'qq'),
(9908, 999010, '2014-06-22 10:36:56', 'hi'),
(9909, 999010, '2014-06-22 10:38:32', 'hi'),
(9910, 999010, '2014-06-22 10:44:12', 'hi'),
(9911, 1, '2014-06-22 10:44:51', 'hihi'),
(9912, 999010, '2014-06-22 10:57:48', 'hi'),
(9913, 1, '2014-06-22 11:02:22', 'hi'),
(9914, 999010, '2014-06-22 11:04:24', 'hi'),
(9915, 1, '2014-06-22 11:10:43', '123'),
(9916, 999010, '2014-06-22 12:19:22', 'hi'),
(9917, 999010, '2014-06-22 12:23:04', 'test'),
(9918, 999010, '2014-06-22 12:25:18', 'higigi'),
(9924, 999010, '2014-06-28 10:14:06', 'yea'),
(9925, 1, '2014-06-28 10:18:05', 'hi'),
(9926, 1, '2014-06-28 10:18:18', 'hihi'),
(9927, 1, '2014-06-28 10:19:00', 'hihi'),
(9928, 1, '2014-06-28 10:27:47', 'rrrr'),
(9929, 1, '2014-06-28 10:29:41', '123'),
(9930, 1, '2014-06-28 10:29:46', '123'),
(9931, 1, '2014-06-28 10:46:55', '12'),
(9932, 999001, '2014-06-30 12:30:15', 'Comment message 14041314150'),
(9933, 999001, '2014-06-30 12:30:15', 'Comment message 14041314151'),
(9934, 999001, '2014-06-30 12:30:15', 'Comment message 14041314152'),
(9935, 999002, '2014-06-30 12:30:15', 'Comment message 14041314153'),
(9936, 999001, '2014-06-30 12:30:15', 'Comment message 14041314154'),
(9937, 999003, '2014-06-30 12:30:15', 'Comment message 14041314155'),
(9938, 999002, '2014-06-30 12:30:15', 'Comment message 14041314156'),
(9939, 999001, '2014-06-30 12:31:13', 'Comment message 14041314730'),
(9940, 999001, '2014-06-30 12:31:13', 'Comment message 14041314731'),
(9941, 999001, '2014-06-30 12:31:13', 'Comment message 14041314732'),
(9942, 999002, '2014-06-30 12:31:13', 'Comment message 14041314733'),
(9943, 999001, '2014-06-30 12:31:13', 'Comment message 14041314734'),
(9944, 999003, '2014-06-30 12:31:13', 'Comment message 14041314735'),
(9945, 999002, '2014-06-30 12:31:13', 'Comment message 14041314736'),
(9946, 999001, '2014-06-30 12:35:01', 'Comment message 14041317010'),
(9947, 999001, '2014-06-30 12:35:01', 'Comment message 14041317011'),
(9948, 999001, '2014-06-30 12:35:01', 'Comment message 14041317012'),
(9949, 999002, '2014-06-30 12:35:02', 'Comment message 14041317023'),
(9950, 999001, '2014-06-30 12:35:02', 'Comment message 14041317024'),
(9951, 999003, '2014-06-30 12:35:02', 'Comment message 14041317025'),
(9952, 999002, '2014-06-30 12:35:02', 'Comment message 14041317026'),
(10059, 999002, '2014-07-25 15:40:03', 'Comment message 14063028036'),
(10058, 999003, '2014-07-25 15:40:03', 'Comment message 14063028035'),
(10057, 999001, '2014-07-25 15:40:03', 'Comment message 14063028034'),
(10056, 999002, '2014-07-25 15:40:03', 'Comment message 14063028033'),
(10055, 999001, '2014-07-25 15:40:03', 'Comment message 14063028032'),
(10054, 999001, '2014-07-25 15:40:02', 'Comment message 14063028021'),
(10053, 999001, '2014-07-25 15:40:00', 'Comment message 14063028000'),
(9960, 3, '2014-06-30 18:13:37', 'testing'),
(9968, 1, '2014-07-06 04:50:52', 'hi'),
(9969, 1, '2014-07-06 04:50:58', 'hj'),
(9970, 1, '2014-07-06 05:01:02', 'hi'),
(9971, 1, '2014-07-06 05:01:18', 'hihi'),
(9972, 1, '2014-07-06 05:02:08', 'hihi'),
(9980, 1, '2014-07-12 16:49:31', 'yes'),
(9981, 1, '2014-07-12 16:49:53', 'no'),
(9996, 999016, '2014-07-20 10:18:54', 'hi'),
(9997, 999016, '2014-07-20 10:22:47', 'hello'),
(9998, 999016, '2014-07-20 10:24:47', 'i'),
(9999, 999016, '2014-07-20 10:26:31', 'fgg'),
(10000, 999016, '2014-07-20 11:43:04', 'hi'),
(10001, 999016, '2014-07-20 11:55:22', 'hi'),
(10002, 999016, '2014-07-20 11:55:38', 'test'),
(10003, 999016, '2014-07-20 11:55:59', 'hi'),
(10004, 999016, '2014-07-20 12:14:03', 'hihi'),
(10005, 999016, '2014-07-20 12:14:16', 'hello'),
(10006, 999016, '2014-07-20 14:13:09', 'hi'),
(10007, 999016, '2014-07-20 14:14:14', 'abc'),
(10008, 999016, '2014-07-20 14:31:46', 'higi'),
(10009, 999016, '2014-07-20 14:32:10', 'bfvfvfbfb'),
(10010, 999016, '2014-07-20 14:33:18', 'hghfhBsfy'),
(10011, 999016, '2014-07-20 14:34:12', 'grgtthr'),
(10012, 999016, '2014-07-20 14:49:28', 'hi'),
(10013, 999016, '2014-07-20 14:57:03', 'hi'),
(10014, 1, '2014-07-22 14:02:49', 'hi'),
(10015, 1, '2014-07-22 14:05:27', 'hi'),
(10016, 1, '2014-07-22 14:31:55', 'hi'),
(10017, 1, '2014-07-22 14:32:50', 'e'),
(10018, 1, '2014-07-22 14:34:22', 'kk'),
(10019, 1, '2014-07-22 14:37:05', 'u'),
(10020, 1, '2014-07-24 14:46:17', 'hi'),
(10021, 1, '2014-07-24 14:46:29', 'hi'),
(10022, 1, '2014-07-24 14:47:03', 'hi'),
(10023, 1, '2014-07-24 15:05:35', '123'),
(10024, 1, '2014-07-24 15:05:45', 'rr'),
(10025, 1, '2014-07-24 15:07:14', 'dd'),
(10026, 1, '2014-07-24 15:08:32', 'jjj'),
(10027, 1, '2014-07-24 15:09:52', 'ty'),
(10028, 1, '2014-07-24 15:13:31', 'uu'),
(10029, 1, '2014-07-24 15:15:23', 'dd'),
(10030, 1, '2014-07-24 15:16:37', 'c'),
(10031, 1, '2014-07-24 15:22:38', 'dd'),
(10032, 1, '2014-07-24 15:23:49', 'ff'),
(10033, 1, '2014-07-24 15:24:28', 'sw'),
(10034, 1, '2014-07-24 15:34:14', 'sss'),
(10035, 1, '2014-07-24 15:42:48', 'y'),
(10036, 1, '2014-07-24 15:44:03', 'mm'),
(10037, 1, '2014-07-24 15:47:01', 'fff'),
(10038, 1, '2014-07-24 15:51:12', 'nn'),
(10039, 1, '2014-07-24 15:52:30', 'dssss'),
(10040, 1, '2014-07-24 16:02:05', 'nn'),
(10041, 1, '2014-07-24 16:02:36', 'nn'),
(10042, 1, '2014-07-24 16:03:15', 'mnmn'),
(10043, 1, '2014-07-24 16:04:08', 'mnmn'),
(10044, 1, '2014-07-24 16:04:20', ',n,n,n'),
(10045, 1, '2014-07-24 16:06:43', 'fff'),
(10046, 1, '2014-07-24 16:09:36', 'gg'),
(10047, 1, '2014-07-24 16:18:29', 'gg'),
(10048, 1, '2014-07-24 16:19:27', 'dd'),
(10049, 1, '2014-07-24 16:20:34', 'd'),
(10050, 1, '2014-07-24 16:23:19', 'd'),
(10051, 1, '2014-07-24 16:24:27', 'cc'),
(10052, 1, '2014-07-24 16:26:07', 'dfasdf'),
(10060, 30, '2014-07-25 16:15:52', 'do u see push msg'),
(10061, 1, '2014-07-26 13:47:42', 'hi Jacky any notification?'),
(10062, 999016, '2014-07-26 15:35:50', 'hi'),
(10063, 999016, '2014-07-26 15:38:28', 'hi'),
(10064, 999016, '2014-07-26 15:40:32', 'h'),
(10065, 999016, '2014-07-26 15:41:04', 'hi'),
(10066, 999016, '2014-07-26 15:41:53', '     ho'),
(10067, 30, '2014-07-27 09:43:00', 'Got the token finally!'),
(10068, 30, '2014-07-27 09:43:16', 'did you get my notification?'),
(10069, 30, '2014-07-27 14:28:43', 'hi'),
(10070, 30, '2014-07-27 15:37:05', 'yo'),
(10071, 30, '2014-07-27 15:38:08', 'who''s the girl you are gonna bring on 3rd Aug?'),
(10072, 1, '2014-07-27 15:38:42', 'it is my ex colleague'),
(10073, 1, '2014-07-27 15:38:46', 'she is'),
(10074, 30, '2014-07-27 15:39:22', 'why bringing her'),
(10075, 1, '2014-07-27 15:40:04', 'same reason for bs''s frd '),
(10076, 1, '2014-07-27 15:40:13', 'lol'),
(10077, 30, '2014-07-27 15:40:17', 'huh?'),
(10078, 1, '2014-07-27 15:40:22', 'our chat function is so primitive'),
(10079, 30, '2014-07-27 15:41:12', 'good starting point'),
(10080, 1, '2014-07-27 15:41:14', 'I just think of several fixes outstanding'),
(10081, 1, '2014-07-27 15:41:35', 'this chatbox should allow multi lines'),
(10082, 1, '2014-07-27 15:41:57', 'and photo uploading should be available in the chat?'),
(10083, 30, '2014-07-27 15:42:06', 'I can''t see chat room being refreshed'),
(10084, 30, '2014-07-27 15:42:57', 'let''s push out for user first'),
(10085, 30, '2014-07-27 15:43:05', 'for tester I mean'),
(10086, 1, '2014-07-27 15:43:20', 'oh really'),
(10087, 30, '2014-07-27 15:44:19', 'need to go out to the list of event in order to get latest msg'),
(10088, 1, '2014-07-27 15:45:38', 'hi'),
(10089, 30, '2014-07-27 15:45:55', 'hi'),
(10090, 30, '2014-07-27 15:46:06', 'hi2'),
(10091, 1, '2014-07-27 15:48:17', 'hi'),
(10092, 999016, '2014-07-28 13:14:18', 'hi'),
(10093, 999016, '2014-07-28 13:15:27', 'hi'),
(10094, 999016, '2014-07-28 13:16:46', 'yi'),
(10095, 999016, '2014-07-28 13:16:56', 'y'),
(10096, 999016, '2014-07-28 13:17:04', 'y'),
(10097, 999016, '2014-07-28 13:17:56', 'ytt'),
(10098, 999016, '2014-07-28 13:18:02', 'u'),
(10099, 1, '2014-07-29 15:00:51', 'dd'),
(10100, 1, '2014-07-29 15:01:28', 'D\nD\nS\n'),
(10101, 30, '2014-08-11 15:13:23', 'Looks professional wor'),
(10102, 1, '2014-08-12 14:05:13', 'of cos lol'),
(10103, 999016, '2014-08-12 16:02:24', 'Q'),
(10104, 999016, '2014-08-12 16:03:11', 'R'),
(10105, 999016, '2014-08-12 16:10:07', 'Hi'),
(10106, 999016, '2014-08-12 17:19:06', 'Qq'),
(10107, 999016, '2014-08-12 17:19:21', 'Gg'),
(10108, 999016, '2014-08-12 17:20:35', 'Gf'),
(10109, 1, '2014-08-22 17:26:09', 'test'),
(10110, 1, '2014-08-23 18:07:47', 'hi'),
(10111, 1, '2014-08-25 14:59:07', 'hi'),
(10112, 1, '2014-08-25 14:59:51', 'hihi'),
(10113, 1, '2014-08-25 15:21:39', '123');

-- --------------------------------------------------------

--
-- 表的结构 `tbl_comment_event`
--

CREATE TABLE IF NOT EXISTS `tbl_comment_event` (
  `event_id` int(11) NOT NULL,
  `comment_id` int(11) NOT NULL,
  PRIMARY KEY (`event_id`,`comment_id`)
) ENGINE=MyISAM DEFAULT CHARSET=utf8 COLLATE=utf8_unicode_ci;

--
-- 转存表中的数据 `tbl_comment_event`
--

INSERT INTO `tbl_comment_event` (`event_id`, `comment_id`) VALUES
(1, 1),
(1, 2),
(1, 3),
(1, 4),
(1, 5),
(1, 6),
(1, 7),
(1, 8),
(1, 9),
(1, 10),
(1, 11),
(1, 12),
(1, 13),
(1, 17),
(1, 19),
(1, 20),
(1, 23),
(1, 72),
(1, 73),
(1, 118),
(1, 128),
(1, 129),
(1, 130),
(1, 131),
(1, 132),
(2, 14),
(2, 15),
(2, 16),
(2, 55),
(2, 56),
(3, 48),
(3, 115),
(3, 117),
(3, 126),
(3, 127),
(3, 133),
(3, 134),
(3, 135),
(3, 9908),
(3, 9909),
(3, 9910),
(3, 9911),
(3, 9912),
(3, 9913),
(3, 9914),
(3, 9915),
(3, 9916),
(3, 9918),
(3, 9970),
(23, 116),
(23, 119),
(23, 120),
(23, 121),
(23, 122),
(23, 123),
(23, 124),
(23, 125),
(23, 9971),
(23, 9980),
(23, 9981),
(24, 9917),
(24, 9919),
(24, 9920),
(24, 9921),
(24, 9922),
(24, 9923),
(24, 9924),
(99981, 10053),
(99981, 10054),
(99982, 10055),
(99982, 10056),
(99982, 10057),
(99983, 10058),
(99983, 10059),
(99988, 9925),
(99988, 9926),
(99988, 9927),
(99988, 9928),
(99988, 9929),
(99988, 9930),
(99988, 9931),
(99988, 9960),
(99988, 9968),
(99988, 9969),
(99988, 9972),
(100032, 10062),
(100032, 10063),
(100032, 10064),
(100032, 10065),
(100034, 9996),
(100034, 9997),
(100034, 9998),
(100034, 9999),
(100036, 10048),
(100036, 10049),
(100036, 10050),
(100036, 10051),
(100036, 10052),
(100038, 10003),
(100038, 10005),
(100039, 10000),
(100039, 10001),
(100039, 10002),
(100039, 10004),
(100039, 10006),
(100039, 10007),
(100039, 10008),
(100039, 10009),
(100039, 10010),
(100039, 10011),
(100039, 10012),
(100039, 10013),
(100039, 10014),
(100039, 10015),
(100039, 10016),
(100039, 10017),
(100039, 10018),
(100039, 10019),
(100039, 10020),
(100039, 10021),
(100039, 10022),
(100039, 10023),
(100039, 10024),
(100039, 10025),
(100039, 10026),
(100039, 10027),
(100039, 10028),
(100039, 10029),
(100039, 10030),
(100039, 10031),
(100039, 10032),
(100039, 10033),
(100039, 10034),
(100039, 10035),
(100039, 10036),
(100039, 10037),
(100039, 10038),
(100039, 10039),
(100039, 10040),
(100039, 10041),
(100039, 10042),
(100039, 10043),
(100039, 10044),
(100039, 10045),
(100039, 10046),
(100039, 10047),
(100039, 10066),
(100039, 10092),
(100039, 10093),
(100039, 10094),
(100039, 10095),
(100039, 10096),
(100039, 10097),
(100039, 10098),
(100039, 10099),
(100039, 10100),
(100041, 10060),
(100041, 10061),
(100041, 10067),
(100041, 10068),
(100041, 10069),
(100041, 10070),
(100041, 10071),
(100041, 10072),
(100041, 10073),
(100041, 10074),
(100041, 10075),
(100041, 10076),
(100041, 10077),
(100041, 10078),
(100041, 10079),
(100041, 10080),
(100041, 10081),
(100041, 10082),
(100041, 10083),
(100041, 10084),
(100041, 10085),
(100041, 10086),
(100041, 10087),
(100041, 10088),
(100041, 10089),
(100041, 10090),
(100041, 10091),
(100041, 10101),
(100041, 10102),
(100045, 10103),
(100045, 10104),
(100045, 10105),
(100045, 10106),
(100045, 10107),
(100045, 10108),
(100058, 10109),
(100069, 10110),
(100088, 10111),
(100088, 10112),
(100088, 10113);

-- --------------------------------------------------------

--
-- 表的结构 `tbl_event`
--

CREATE TABLE IF NOT EXISTS `tbl_event` (
  `event_id` int(10) NOT NULL AUTO_INCREMENT,
  `event_name` varchar(16) COLLATE utf8_unicode_ci NOT NULL,
  `event_desc` varchar(256) COLLATE utf8_unicode_ci DEFAULT NULL,
  `event_create_at` timestamp NOT NULL DEFAULT CURRENT_TIMESTAMP ON UPDATE CURRENT_TIMESTAMP,
  `event_updated_at` timestamp NOT NULL DEFAULT '0000-00-00 00:00:00',
  `event_start_at` timestamp NULL DEFAULT NULL,
  `event_end_at` timestamp NOT NULL DEFAULT '0000-00-00 00:00:00',
  `event_expire_at` timestamp NULL DEFAULT NULL,
  `event_create_by` int(11) NOT NULL,
  `is_allday` tinyint(1) NOT NULL,
  `event_profile_filename` varchar(128) COLLATE utf8_unicode_ci NOT NULL,
  `is_public` tinyint(1) NOT NULL,
  `Allow_vote` tinyint(1) NOT NULL,
  PRIMARY KEY (`event_id`)
) ENGINE=MyISAM  DEFAULT CHARSET=utf8 COLLATE=utf8_unicode_ci AUTO_INCREMENT=100098 ;

--
-- 转存表中的数据 `tbl_event`
--

INSERT INTO `tbl_event` (`event_id`, `event_name`, `event_desc`, `event_create_at`, `event_updated_at`, `event_start_at`, `event_end_at`, `event_expire_at`, `event_create_by`, `is_allday`, `event_profile_filename`, `is_public`, `Allow_vote`) VALUES
(1, 'King proj', 'King project without king of prep (9gel)\n', '2013-10-21 16:00:00', '2013-10-21 16:00:00', '2014-04-28 23:58:28', '0000-00-00 00:00:00', '2014-04-29 23:58:28', 3, 0, '', 0, 0),
(2, 'App enhancement ', 'Why don''t we use our app for logging works for our app lol', '0000-00-00 00:00:00', '0000-00-00 00:00:00', '2014-04-28 08:07:07', '0000-00-00 00:00:00', '2014-04-29 08:07:07', 3, 0, '', 0, 0),
(3, 'An event created', 'Waiting for 9gel to join back us!', '0000-00-00 00:00:00', '0000-00-00 00:00:00', '2014-06-15 02:19:46', '0000-00-00 00:00:00', '2014-06-25 04:58:56', 1, 0, '', 0, 0),
(24, '', '', '0000-00-00 00:00:00', '0000-00-00 00:00:00', '0000-00-00 00:00:00', '0000-00-00 00:00:00', '0000-00-00 00:00:00', 0, 0, '', 0, 0),
(99981, 'TestEvent1', 'TestEvent1 Description', '2013-10-21 16:00:00', '0000-00-00 00:00:00', '2013-10-29 16:00:01', '0000-00-00 00:00:00', '2013-10-29 16:00:02', 999001, 0, '', 0, 0),
(99988, 'Not Joining Test', 'Hihi', '0000-00-00 00:00:00', '0000-00-00 00:00:00', '2014-06-27 23:31:54', '0000-00-00 00:00:00', '0000-00-00 00:00:00', 1, 0, '', 0, 0),
(23, 'Chat test', 'For testing purpose', '0000-00-00 00:00:00', '0000-00-00 00:00:00', '2014-06-01 22:08:42', '0000-00-00 00:00:00', '0000-00-00 00:00:00', 1, 0, '', 0, 0),
(100008, '', '', '0000-00-00 00:00:00', '0000-00-00 00:00:00', '0000-00-00 00:00:00', '0000-00-00 00:00:00', '0000-00-00 00:00:00', 0, 0, '', 0, 0),
(100009, '', '', '0000-00-00 00:00:00', '0000-00-00 00:00:00', '0000-00-00 00:00:00', '0000-00-00 00:00:00', '0000-00-00 00:00:00', 0, 0, '', 0, 0),
(100010, '', '', '0000-00-00 00:00:00', '0000-00-00 00:00:00', '0000-00-00 00:00:00', '0000-00-00 00:00:00', '0000-00-00 00:00:00', 0, 0, '', 0, 0),
(100011, '', '', '0000-00-00 00:00:00', '0000-00-00 00:00:00', '0000-00-00 00:00:00', '0000-00-00 00:00:00', '0000-00-00 00:00:00', 0, 0, '', 0, 0),
(100012, '', '', '0000-00-00 00:00:00', '0000-00-00 00:00:00', '0000-00-00 00:00:00', '0000-00-00 00:00:00', '0000-00-00 00:00:00', 0, 0, '', 0, 0),
(100013, '', '', '0000-00-00 00:00:00', '0000-00-00 00:00:00', '0000-00-00 00:00:00', '0000-00-00 00:00:00', '0000-00-00 00:00:00', 0, 0, '', 0, 0),
(100014, '', '', '0000-00-00 00:00:00', '0000-00-00 00:00:00', '0000-00-00 00:00:00', '0000-00-00 00:00:00', '0000-00-00 00:00:00', 0, 0, '', 0, 0),
(100015, '', '', '0000-00-00 00:00:00', '0000-00-00 00:00:00', '0000-00-00 00:00:00', '0000-00-00 00:00:00', '0000-00-00 00:00:00', 0, 0, '', 0, 0),
(100016, '', '', '0000-00-00 00:00:00', '0000-00-00 00:00:00', '0000-00-00 00:00:00', '0000-00-00 00:00:00', '0000-00-00 00:00:00', 0, 0, '', 0, 0),
(100017, '', '', '0000-00-00 00:00:00', '0000-00-00 00:00:00', '0000-00-00 00:00:00', '0000-00-00 00:00:00', '0000-00-00 00:00:00', 0, 0, '', 0, 0),
(100018, '', '', '0000-00-00 00:00:00', '0000-00-00 00:00:00', '0000-00-00 00:00:00', '0000-00-00 00:00:00', '0000-00-00 00:00:00', 0, 0, '', 0, 0),
(100019, '', '', '0000-00-00 00:00:00', '0000-00-00 00:00:00', '0000-00-00 00:00:00', '0000-00-00 00:00:00', '0000-00-00 00:00:00', 0, 0, '', 0, 0),
(100020, '', '', '0000-00-00 00:00:00', '0000-00-00 00:00:00', '0000-00-00 00:00:00', '0000-00-00 00:00:00', '0000-00-00 00:00:00', 0, 0, '', 0, 0),
(100021, '', '', '0000-00-00 00:00:00', '0000-00-00 00:00:00', '0000-00-00 00:00:00', '0000-00-00 00:00:00', '0000-00-00 00:00:00', 0, 0, '', 0, 0),
(100022, '', '', '0000-00-00 00:00:00', '0000-00-00 00:00:00', '0000-00-00 00:00:00', '0000-00-00 00:00:00', '0000-00-00 00:00:00', 0, 0, '', 0, 0),
(100023, '', '', '0000-00-00 00:00:00', '0000-00-00 00:00:00', '0000-00-00 00:00:00', '0000-00-00 00:00:00', '0000-00-00 00:00:00', 0, 0, '', 0, 0),
(100024, '', '', '0000-00-00 00:00:00', '0000-00-00 00:00:00', '0000-00-00 00:00:00', '0000-00-00 00:00:00', '0000-00-00 00:00:00', 0, 0, '', 0, 0),
(100025, '', '', '0000-00-00 00:00:00', '0000-00-00 00:00:00', '0000-00-00 00:00:00', '0000-00-00 00:00:00', '0000-00-00 00:00:00', 0, 0, '', 0, 0),
(100026, '', '', '0000-00-00 00:00:00', '0000-00-00 00:00:00', '0000-00-00 00:00:00', '0000-00-00 00:00:00', '0000-00-00 00:00:00', 0, 0, '', 0, 0),
(100027, '', '', '0000-00-00 00:00:00', '0000-00-00 00:00:00', '0000-00-00 00:00:00', '0000-00-00 00:00:00', '0000-00-00 00:00:00', 0, 0, '', 0, 0),
(100030, 'Test', 'TEST', '0000-00-00 00:00:00', '0000-00-00 00:00:00', '2014-07-18 05:26:07', '0000-00-00 00:00:00', '0000-00-00 00:00:00', 1, 0, '', 0, 0),
(100031, 'Dsda', 'Dsadas', '0000-00-00 00:00:00', '0000-00-00 00:00:00', '2014-07-18 06:29:22', '0000-00-00 00:00:00', '0000-00-00 00:00:00', 1, 0, '', 0, 0),
(100032, 'Dasdsa', 'Dasd2', '2014-07-26 15:41:05', '2014-07-26 07:41:07', '2014-07-18 06:31:34', '0000-00-00 00:00:00', '0000-00-00 00:00:00', 1, 0, 'avatars/event_1406388137.jpg', 0, 0),
(100033, 'Dada', 'Dadada', '0000-00-00 00:00:00', '0000-00-00 00:00:00', '2014-07-18 08:19:40', '0000-00-00 00:00:00', '0000-00-00 00:00:00', 1, 0, '', 0, 0),
(100034, 'Gsdgsdf', 'Gdsfgsdfggsfdgs', '0000-00-00 00:00:00', '0000-00-00 00:00:00', '2014-07-19 06:28:20', '0000-00-00 00:00:00', '0000-00-00 00:00:00', 1, 0, 'avatars/event_1405780107.jpg', 0, 0),
(100035, 'Fsafas', 'Fasdfas', '0000-00-00 00:00:00', '0000-00-00 00:00:00', '2014-07-19 06:28:51', '0000-00-00 00:00:00', '0000-00-00 00:00:00', 1, 0, 'avatars/event_1405785115.jpg', 0, 0),
(100036, 'Dasdas33333444fa', 'Dasda', '0000-00-00 00:00:00', '0000-00-00 00:00:00', '2014-07-19 06:32:08', '0000-00-00 00:00:00', '0000-00-00 00:00:00', 1, 0, 'avatars/event_1405784355.jpg', 0, 0),
(100037, 'Cvc', 'Vcvc', '0000-00-00 00:00:00', '0000-00-00 00:00:00', '2014-07-19 07:53:36', '0000-00-00 00:00:00', '0000-00-00 00:00:00', 1, 0, 'avatars/event_1405786092.jpg', 0, 0),
(100038, 'Gfdsg', 'Gdfgd', '0000-00-00 00:00:00', '0000-00-00 00:00:00', '2014-07-19 08:08:19', '0000-00-00 00:00:00', '0000-00-00 00:00:00', 1, 0, 'avatars/event_1405786111.jpg', 0, 0),
(100039, 'Gsfd', '1233', '2014-07-29 15:01:29', '2014-07-29 07:01:32', '2014-07-19 08:08:37', '0000-00-00 00:00:00', '0000-00-00 00:00:00', 1, 0, '', 0, 0),
(100041, 'Test notificatio', 'Details', '2014-08-12 14:05:16', '2014-08-12 06:05:18', '2014-07-25 08:14:50', '0000-00-00 00:00:00', '0000-00-00 00:00:00', 30, 0, 'avatars/event_1407770099.jpg', 0, 0),
(100042, 'Test create time', '​YES and NO', '0000-00-00 00:00:00', '2014-07-26 07:19:41', '2014-07-26 06:21:50', '0000-00-00 00:00:00', '0000-00-00 00:00:00', 1, 0, '', 0, 0),
(100043, 'TT', 'Yy', '2014-07-29 07:47:32', '2014-07-29 07:47:32', '2014-07-29 07:47:17', '0000-00-00 00:00:00', '0000-00-00 00:00:00', 999016, 0, '', 0, 0),
(100044, 'Dfasfasdfsdafa', 'Fasdfsa', '2014-07-30 06:33:34', '2014-07-30 06:33:34', '2014-07-30 06:33:23', '0000-00-00 00:00:00', '0000-00-00 00:00:00', 1, 0, '', 1, 0),
(100045, 'Qwerty', 'Asdfg', '2014-08-12 17:20:36', '2014-08-12 09:20:48', '2014-08-12 07:04:10', '0000-00-00 00:00:00', '0000-00-00 00:00:00', 1, 0, '', 0, 0),
(100046, 'Dasdasdas', 'Dasdasdasda', '2014-08-18 07:28:05', '2014-08-18 07:28:05', '2014-08-18 07:27:48', '0000-00-00 00:00:00', '0000-00-00 00:00:00', 1, 0, '', 0, 0),
(100047, '123', '456', '2014-08-22 07:32:32', '2014-08-22 07:32:32', '2014-09-07 07:32:21', '0000-00-00 00:00:00', '0000-00-00 00:00:00', 1, 0, '', 0, 0),
(100048, '123', '456', '2014-08-22 07:32:34', '2014-08-22 07:32:34', '2014-09-07 07:32:21', '0000-00-00 00:00:00', '0000-00-00 00:00:00', 1, 0, '', 0, 0),
(100049, '123', '456', '2014-08-22 07:56:16', '2014-08-22 07:56:16', '2014-09-07 07:32:21', '0000-00-00 00:00:00', '0000-00-00 00:00:00', 1, 0, '', 0, 0),
(100068, 'Tt', 'Tt', '2014-08-22 10:55:50', '2014-08-22 10:55:50', '2014-08-22 10:55:33', '0000-00-00 00:00:00', '0000-00-00 00:00:00', 1, 0, '', 0, 0),
(100051, 'Ss', 'Ss', '0000-00-00 00:00:00', '2014-08-22 08:15:45', '2014-08-31 08:10:31', '0000-00-00 00:00:00', '0000-00-00 00:00:00', 1, 0, '', 0, 0),
(100052, 'Qwertttttt', 'Dscadsczsdcx', '0000-00-00 00:00:00', '2014-08-22 08:22:27', '2014-09-03 08:16:57', '0000-00-00 00:00:00', '0000-00-00 00:00:00', 1, 0, '', 0, 0),
(100053, 'Ff', 'Ff', '2014-08-22 08:22:47', '2014-08-22 08:22:47', '2014-08-22 08:22:38', '0000-00-00 00:00:00', '0000-00-00 00:00:00', 1, 0, '', 0, 0),
(100054, 'Ff', 'Ff', '2014-08-22 08:24:12', '2014-08-22 08:24:12', '2014-08-22 08:22:38', '0000-00-00 00:00:00', '0000-00-00 00:00:00', 1, 0, '', 0, 0),
(100055, 'Dsada12', 'Dasdas', '2014-08-29 18:32:31', '2014-08-28 08:49:21', '2014-08-22 08:24:17', '0000-00-00 00:00:00', '2014-08-23 15:59:59', 1, 1, '', 0, 0),
(100056, 'Asdas', 'Dasdas3', '0000-00-00 00:00:00', '2014-08-23 10:57:24', '2014-08-22 08:25:58', '0000-00-00 00:00:00', '2014-08-23 15:59:59', 1, 0, '', 0, 0),
(100057, 'Dsds', 'Dsds', '2014-08-22 08:27:41', '2014-08-22 08:27:41', '2014-08-22 08:27:24', '0000-00-00 00:00:00', '2014-08-23 08:27:27', 1, 0, '', 0, 0),
(100058, 'Fasdf', 'Fasdfas', '2014-08-22 17:26:39', '2014-08-22 09:26:09', '2014-08-22 08:53:34', '0000-00-00 00:00:00', '2014-08-23 08:53:29', 1, 0, '', 0, 0),
(100059, 'Fs41234', 'Fasdfas', '0000-00-00 00:00:00', '2014-08-23 10:55:22', '2014-08-22 09:27:27', '0000-00-00 00:00:00', '2014-08-23 15:59:59', 1, 0, '', 0, 0),
(100069, 'Gdgdg', 'Dgdfgdf', '0000-00-00 00:00:00', '2014-08-23 10:54:12', '2014-08-22 10:56:02', '0000-00-00 00:00:00', '2014-08-23 15:59:59', 1, 0, '', 0, 0),
(100064, 'Dasdasdas', 'Dasd', '0000-00-00 00:00:00', '2014-08-23 10:57:07', '2014-08-22 09:33:32', '0000-00-00 00:00:00', '2014-08-23 15:59:59', 1, 0, '', 0, 0),
(100065, 'Dasdasdasu122', 'Dasd', '0000-00-00 00:00:00', '2014-08-23 10:55:53', '2014-08-22 09:33:32', '0000-00-00 00:00:00', '2014-08-23 15:59:59', 1, 0, '', 0, 0),
(100070, 'Fsdf', 'Sdfdfsdf', '2014-08-22 10:57:06', '2014-08-22 10:57:06', '2014-08-23 10:56:52', '0000-00-00 00:00:00', '2014-08-23 10:56:56', 1, 0, '', 0, 0),
(100071, 'Dasdas', 'Dasdas', '2014-08-22 11:16:30', '2014-08-22 11:16:30', '2014-08-23 11:16:19', '0000-00-00 00:00:00', '2014-08-23 15:59:59', 1, 0, '', 0, 0),
(100072, 'Sdfasd', 'Fasdfas', '2014-08-22 19:24:44', '2014-08-22 11:22:44', '2014-08-22 11:22:36', '0000-00-00 00:00:00', '2014-08-23 10:56:56', 1, 0, '', 0, 0),
(100073, 'Augustus', 'Rome', '2014-08-22 11:29:40', '2014-08-22 11:29:40', '2014-08-22 11:29:25', '0000-00-00 00:00:00', '2014-08-22 15:59:59', 1, 0, '', 0, 0),
(100074, '', '', '0000-00-00 00:00:00', '0000-00-00 00:00:00', '0000-00-00 00:00:00', '0000-00-00 00:00:00', '0000-00-00 00:00:00', 0, 0, '', 0, 0),
(100075, '', '', '0000-00-00 00:00:00', '0000-00-00 00:00:00', '0000-00-00 00:00:00', '0000-00-00 00:00:00', '0000-00-00 00:00:00', 0, 0, '', 0, 0),
(100076, 'Fasdfygtrdhgaaa3', 'Fdsfadsfadsfasfasdfas', '2014-08-22 11:30:56', '2014-08-22 11:30:56', '2014-08-22 11:30:45', '0000-00-00 00:00:00', '2014-08-22 15:59:59', 1, 0, '', 0, 0),
(100077, 'Zzzzzzzz', '​', '2014-08-22 11:38:36', '2014-08-22 11:38:36', '2014-08-22 11:38:24', '0000-00-00 00:00:00', '2014-08-23 15:59:59', 1, 0, '', 0, 0),
(100078, 'Sssssss', '​', '2014-08-22 11:44:31', '2014-08-22 11:44:31', '2014-08-22 11:44:21', '0000-00-00 00:00:00', '2014-08-22 07:59:59', 1, 0, '', 0, 0),
(100079, 'Yyyyyyyy', '​', '2014-08-22 11:52:51', '2014-08-22 11:52:51', '2014-08-22 11:52:42', '0000-00-00 00:00:00', '2014-08-21 16:00:00', 1, 0, '', 0, 0),
(100080, 'Ssdads2', 'Sadsa', '2014-08-22 12:10:00', '2014-08-22 12:10:00', '2014-08-22 12:09:52', '0000-00-00 00:00:00', '2014-08-23 15:59:59', 1, 0, '', 0, 0),
(100081, 'Dfs', 'Fsdf', '2014-08-22 12:15:26', '2014-08-22 12:15:26', '2014-08-22 12:15:14', '2014-08-23 12:15:18', '2014-08-23 12:15:18', 1, 0, '', 0, 0),
(100082, '', '', '0000-00-00 00:00:00', '0000-00-00 00:00:00', '0000-00-00 00:00:00', '0000-00-00 00:00:00', '0000-00-00 00:00:00', 0, 0, '', 0, 0),
(100083, '', '', '0000-00-00 00:00:00', '0000-00-00 00:00:00', '0000-00-00 00:00:00', '0000-00-00 00:00:00', '0000-00-00 00:00:00', 0, 0, '', 0, 0),
(100084, '', '', '0000-00-00 00:00:00', '0000-00-00 00:00:00', '0000-00-00 00:00:00', '0000-00-00 00:00:00', '0000-00-00 00:00:00', 0, 0, '', 0, 0),
(100085, '', '', '0000-00-00 00:00:00', '0000-00-00 00:00:00', '0000-00-00 00:00:00', '0000-00-00 00:00:00', '0000-00-00 00:00:00', 0, 0, '', 0, 0),
(100086, '', '', '0000-00-00 00:00:00', '0000-00-00 00:00:00', '0000-00-00 00:00:00', '0000-00-00 00:00:00', '0000-00-00 00:00:00', 0, 0, '', 0, 0),
(100087, '', '', '0000-00-00 00:00:00', '0000-00-00 00:00:00', '0000-00-00 00:00:00', '0000-00-00 00:00:00', '0000-00-00 00:00:00', 0, 0, '', 0, 0),
(100088, 'Fsdfs', 'Fsdfs', '2014-08-25 15:23:39', '2014-08-25 07:21:39', '2014-08-24 10:58:53', '0000-00-00 00:00:00', '2014-08-25 15:59:59', 1, 0, '', 0, 0),
(100089, '', '', '0000-00-00 00:00:00', '0000-00-00 00:00:00', '0000-00-00 00:00:00', '0000-00-00 00:00:00', '0000-00-00 00:00:00', 0, 0, '', 0, 0),
(100090, '', '', '0000-00-00 00:00:00', '0000-00-00 00:00:00', '0000-00-00 00:00:00', '0000-00-00 00:00:00', '0000-00-00 00:00:00', 0, 0, '', 0, 0),
(100091, '', '', '0000-00-00 00:00:00', '0000-00-00 00:00:00', '0000-00-00 00:00:00', '0000-00-00 00:00:00', '0000-00-00 00:00:00', 0, 0, '', 0, 0),
(100092, '', '', '0000-00-00 00:00:00', '0000-00-00 00:00:00', '0000-00-00 00:00:00', '0000-00-00 00:00:00', '0000-00-00 00:00:00', 0, 0, '', 0, 0),
(100093, '', '', '0000-00-00 00:00:00', '0000-00-00 00:00:00', '0000-00-00 00:00:00', '0000-00-00 00:00:00', '0000-00-00 00:00:00', 0, 0, '', 0, 0),
(100094, '', '', '0000-00-00 00:00:00', '0000-00-00 00:00:00', '0000-00-00 00:00:00', '0000-00-00 00:00:00', '0000-00-00 00:00:00', 0, 0, '', 0, 0),
(100095, '', '', '0000-00-00 00:00:00', '0000-00-00 00:00:00', '0000-00-00 00:00:00', '0000-00-00 00:00:00', '0000-00-00 00:00:00', 0, 0, '', 0, 0),
(100096, '', '', '0000-00-00 00:00:00', '0000-00-00 00:00:00', '0000-00-00 00:00:00', '0000-00-00 00:00:00', '0000-00-00 00:00:00', 0, 0, '', 0, 0),
(100097, '', '', '0000-00-00 00:00:00', '0000-00-00 00:00:00', '0000-00-00 00:00:00', '0000-00-00 00:00:00', '0000-00-00 00:00:00', 0, 0, '', 0, 0);

-- --------------------------------------------------------

--
-- 表的结构 `tbl_event_option`
--

CREATE TABLE IF NOT EXISTS `tbl_event_option` (
  `event_id` int(11) NOT NULL,
  `option_id` int(11) NOT NULL,
  PRIMARY KEY (`event_id`,`option_id`)
) ENGINE=MyISAM DEFAULT CHARSET=utf8 COLLATE=utf8_unicode_ci;

--
-- 转存表中的数据 `tbl_event_option`
--

INSERT INTO `tbl_event_option` (`event_id`, `option_id`) VALUES
(1, 1),
(1, 2),
(1, 3),
(1, 4),
(2, 5),
(2, 6),
(2, 7),
(2, 11),
(3, 12),
(3, 13),
(3, 14),
(23, 80),
(24, 81),
(99981, 99881),
(99981, 99882),
(99981, 99883),
(99988, 99891),
(100010, 99924),
(100011, 99925),
(100012, 99926),
(100013, 99927),
(100014, 99928),
(100015, 99929),
(100016, 99930),
(100017, 99931),
(100018, 99932),
(100019, 99933),
(100020, 99934),
(100021, 99935),
(100022, 99936),
(100023, 99937),
(100024, 99938),
(100025, 99939),
(100026, 99940),
(100027, 99941),
(100030, 99948),
(100031, 99949),
(100032, 99950),
(100033, 99951),
(100034, 99952),
(100035, 99953),
(100036, 99954),
(100037, 99955),
(100038, 99956),
(100039, 99957),
(100041, 99961),
(100042, 99962),
(100043, 99963),
(100044, 99964),
(100045, 99965),
(100046, 99966),
(100047, 99967),
(100048, 99968),
(100049, 99969),
(100051, 99970),
(100052, 99971),
(100053, 99972),
(100054, 99973),
(100055, 99974),
(100056, 99975),
(100056, 99976),
(100056, 99977),
(100056, 99978),
(100057, 99979),
(100057, 99980),
(100057, 99981),
(100057, 99982),
(100058, 99983),
(100059, 99984),
(100059, 99985),
(100059, 99986),
(100059, 99987),
(100059, 99988),
(100064, 99989),
(100065, 99990),
(100068, 99991),
(100069, 99992),
(100069, 99993),
(100069, 99994),
(100069, 99995),
(100069, 99996),
(100070, 99997),
(100071, 99998),
(100072, 99999),
(100073, 100000),
(100076, 100001),
(100077, 100002),
(100078, 100003),
(100079, 100004),
(100080, 100005),
(100081, 100006),
(100088, 100007);

-- --------------------------------------------------------

--
-- 表的结构 `tbl_event_user`
--

CREATE TABLE IF NOT EXISTS `tbl_event_user` (
  `event_id` int(11) NOT NULL,
  `user_id` int(11) NOT NULL,
  PRIMARY KEY (`event_id`,`user_id`)
) ENGINE=MyISAM DEFAULT CHARSET=utf8 COLLATE=utf8_unicode_ci;

--
-- 转存表中的数据 `tbl_event_user`
--

INSERT INTO `tbl_event_user` (`event_id`, `user_id`) VALUES
(1, 1),
(1, 2),
(1, 3),
(2, 1),
(2, 2),
(2, 3),
(3, 1),
(3, 2),
(3, 3),
(3, 999010),
(23, 1),
(23, 17),
(99981, 999001),
(99981, 999002),
(99981, 999004),
(99982, 999001),
(99983, 999001),
(99988, 1),
(99988, 3),
(99988, 999016),
(100030, 1),
(100030, 999016),
(100031, 1),
(100031, 999016),
(100032, 1),
(100032, 999016),
(100033, 1),
(100033, 999016),
(100034, 1),
(100034, 999016),
(100035, 1),
(100035, 999016),
(100036, 1),
(100036, 999016),
(100037, 1),
(100037, 999016),
(100038, 1),
(100038, 999016),
(100039, 1),
(100039, 999016),
(100041, 1),
(100041, 2),
(100041, 30),
(100042, 1),
(100042, 999016),
(100043, 1),
(100043, 999016),
(100044, 1),
(100044, 999016),
(100045, 1),
(100045, 999016),
(100046, 1),
(100046, 2),
(100046, 3),
(100046, 30),
(100046, 999016),
(100047, 1),
(100047, 2),
(100047, 3),
(100047, 30),
(100047, 999016),
(100048, 1),
(100048, 2),
(100048, 3),
(100048, 30),
(100048, 999016),
(100049, 1),
(100049, 2),
(100049, 3),
(100049, 30),
(100049, 999016),
(100051, 1),
(100051, 2),
(100051, 3),
(100051, 30),
(100051, 999016),
(100052, 1),
(100052, 2),
(100052, 3),
(100052, 30),
(100052, 999016),
(100053, 1),
(100053, 999016),
(100054, 1),
(100054, 999016),
(100055, 1),
(100055, 999016),
(100056, 1),
(100056, 2),
(100056, 3),
(100056, 30),
(100056, 999016),
(100057, 1),
(100057, 2),
(100057, 3),
(100057, 30),
(100057, 999016),
(100058, 1),
(100058, 999016),
(100059, 1),
(100059, 2),
(100059, 3),
(100059, 30),
(100059, 999016),
(100064, 1),
(100064, 2),
(100064, 3),
(100064, 30),
(100064, 999016),
(100065, 1),
(100065, 2),
(100065, 3),
(100065, 30),
(100065, 999016),
(100068, 1),
(100068, 999016),
(100069, 1),
(100069, 2),
(100069, 3),
(100069, 30),
(100069, 999016),
(100070, 1),
(100070, 999016),
(100073, 1),
(100073, 999016),
(100076, 1),
(100076, 999016),
(100077, 1),
(100077, 999016),
(100078, 1),
(100078, 999016),
(100079, 1),
(100079, 999016),
(100080, 1),
(100080, 999016),
(100081, 1),
(100081, 999016),
(100088, 1),
(100088, 2),
(100088, 3),
(100088, 30),
(100088, 999016);

-- --------------------------------------------------------

--
-- 表的结构 `tbl_option`
--

CREATE TABLE IF NOT EXISTS `tbl_option` (
  `option_id` int(11) NOT NULL AUTO_INCREMENT,
  `option_name` varchar(64) COLLATE utf8_unicode_ci NOT NULL,
  `option_desc` varchar(64) COLLATE utf8_unicode_ci DEFAULT NULL,
  PRIMARY KEY (`option_id`)
) ENGINE=MyISAM  DEFAULT CHARSET=utf8 COLLATE=utf8_unicode_ci AUTO_INCREMENT=100008 ;

--
-- 转存表中的数据 `tbl_option`
--

INSERT INTO `tbl_option` (`option_id`, `option_name`, `option_desc`) VALUES
(1, 'starbucks', ''),
(2, 'pacific coffee', ''),
(3, 'cafe habitu', ''),
(4, 'red bar', ''),
(5, 'Event profile pi', ''),
(6, 'Event is not sho', ''),
(7, 'longer option (db level change)', ''),
(11, 'longer option (db)', ''),
(12, '9gel', ''),
(13, '8gel', ''),
(14, '7gel', ''),
(99929, 'Ss', ''),
(81, '1', ''),
(99930, 'Dd', ''),
(99883, 'Option 3', 'Option Desc 3'),
(99884, '1', ''),
(99928, 'Bb', ''),
(99882, 'Option 2', 'Option Desc 2'),
(99881, 'Option 1', 'Option Desc 1'),
(99891, 'Choices', ''),
(99924, 'Nn', ''),
(99925, 'Sdasdas', ''),
(99926, 'Gg', ''),
(99927, 'Nn', ''),
(80, 'Chat', ''),
(99950, 'Dasdas', ''),
(99941, 'Gfeg', ''),
(99940, 'Gdfgf', ''),
(99949, 'Sad', ''),
(99939, 'Fsadf', ''),
(99938, 'Fasdfas', ''),
(99937, 'Gg', ''),
(99936, 'Dsds', ''),
(99931, 'Sas', ''),
(99932, 'Dd', ''),
(99933, 'Yy', ''),
(99934, 'Ss', ''),
(99935, 'Hhh', ''),
(99948, 'Dfgsd', ''),
(99951, 'Daad', ''),
(99952, 'Sgsdgsdfgsd', ''),
(99953, 'Fasdfasdfasf', ''),
(99954, 'Dasds', ''),
(99955, 'Ff', ''),
(99956, 'Gsdfgds', ''),
(99957, 'Gsdf', ''),
(99962, '123', ''),
(99961, 'A', ''),
(99963, 'Nb', ''),
(99964, 'Dd', ''),
(99965, 'Zxcvb', ''),
(99966, 'Aa', ''),
(99967, '41234123412', ''),
(99968, '41234123412', ''),
(99969, '41234123412', ''),
(99970, 'Ss', ''),
(99971, 'Adasdasda', ''),
(99972, 'Dsds', ''),
(99973, 'Dsds', ''),
(99974, 'Dasdasdas', ''),
(99975, 'Ss', ''),
(99976, 'Dsadasd', ''),
(99977, 'Dasd', ''),
(99978, 'Dsad', ''),
(99979, 'Dd', ''),
(99980, 'D', ''),
(99981, 'D', ''),
(99982, 'D', ''),
(99983, 'Dd', ''),
(99984, 'Sadasds', ''),
(99985, 'Da', ''),
(99986, 'Sd', ''),
(99987, 'As', ''),
(99988, 'Da', ''),
(99989, 'Dsds', ''),
(99990, 'Dsds', ''),
(99991, 'Tttt', ''),
(99992, 'Sfgdgs', ''),
(99993, 'Sdfg', ''),
(99994, 'Sfgd', ''),
(99995, 'G', ''),
(99996, 'Sd', ''),
(99997, 'Sfsdf', ''),
(99998, '', 'Sss'),
(99999, '', 'Fsadfas'),
(100000, 'Ff', ''),
(100001, 'Ww', ''),
(100002, 'Z', ''),
(100003, 'Www', ''),
(100004, 'Fff', ''),
(100005, 'Dsds', ''),
(100006, 'Dsds', ''),
(100007, 'Ddd', '');

-- --------------------------------------------------------

--
-- 表的结构 `tbl_option_user`
--

CREATE TABLE IF NOT EXISTS `tbl_option_user` (
  `option_id` int(11) NOT NULL,
  `user_id` int(11) NOT NULL,
  `create_at` timestamp NOT NULL DEFAULT CURRENT_TIMESTAMP ON UPDATE CURRENT_TIMESTAMP,
  PRIMARY KEY (`option_id`,`user_id`)
) ENGINE=MyISAM DEFAULT CHARSET=utf8 COLLATE=utf8_unicode_ci;

--
-- 转存表中的数据 `tbl_option_user`
--

INSERT INTO `tbl_option_user` (`option_id`, `user_id`, `create_at`) VALUES
(99952, 999016, '2014-07-20 11:10:26'),
(7, 3, '2014-04-29 16:07:18'),
(4, 3, '2014-04-29 16:02:12'),
(1, 3, '2014-04-29 16:00:53'),
(6, 1, '2014-08-18 15:39:48'),
(99950, 1, '2014-08-18 15:27:36'),
(80, 17, '2014-06-05 13:03:33'),
(5, 1, '2014-05-02 13:00:45'),
(7, 1, '2014-05-02 13:00:45'),
(99956, 1, '2014-07-20 10:07:30'),
(14, 3, '2014-06-05 13:37:29'),
(0, 0, '2014-05-04 11:42:02'),
(13, 1, '2014-08-18 15:25:52'),
(80, 1, '2014-06-23 16:19:41'),
(81, 999010, '2014-06-25 15:25:10'),
(99883, 999004, '2014-07-25 15:39:57'),
(99882, 999002, '2014-07-25 15:39:55'),
(99882, 999001, '2014-07-25 15:39:53'),
(99881, 999001, '2014-07-25 15:39:50'),
(14, 1, '2014-08-18 15:25:54'),
(6, 3, '2014-06-05 13:38:59'),
(81, 1, '2014-06-22 10:29:14'),
(99892, 1, '2014-06-28 07:50:26'),
(99891, 1, '2014-06-28 07:40:15'),
(99891, 3, '2014-06-29 15:48:35'),
(99892, 3, '2014-06-30 18:13:50'),
(99957, 999016, '2014-07-20 11:16:03'),
(99955, 1, '2014-07-22 14:00:49'),
(99986, 1, '2014-08-22 18:55:25'),
(99961, 30, '2014-08-11 15:13:30'),
(99979, 1, '2014-08-22 16:47:26'),
(1, 0, '2014-08-17 07:20:26'),
(99965, 1, '2014-08-17 07:24:13'),
(99961, 1, '2014-08-29 17:34:18'),
(1, 1, '2014-08-17 08:01:20'),
(99963, 1, '2014-08-18 14:45:47'),
(99966, 1, '2014-08-18 15:43:58'),
(99974, 1, '2014-08-29 17:32:17'),
(99990, 1, '2014-08-22 18:27:09'),
(99985, 1, '2014-08-22 18:55:24'),
(99984, 1, '2014-08-22 18:55:24'),
(99987, 1, '2014-08-22 18:55:25'),
(100002, 1, '2014-08-22 20:14:23');

-- --------------------------------------------------------

--
-- 表的结构 `tbl_user`
--

CREATE TABLE IF NOT EXISTS `tbl_user` (
  `user_id` int(10) NOT NULL AUTO_INCREMENT,
  `user_name` varchar(32) COLLATE utf8_unicode_ci DEFAULT NULL,
  `user_avatar_filename` varchar(256) COLLATE utf8_unicode_ci DEFAULT NULL,
  `user_mobile` varchar(128) COLLATE utf8_unicode_ci DEFAULT NULL,
  `user_email` varchar(32) COLLATE utf8_unicode_ci DEFAULT NULL,
  `user_status` varchar(255) COLLATE utf8_unicode_ci DEFAULT NULL,
  `user_create_at` timestamp NOT NULL DEFAULT CURRENT_TIMESTAMP ON UPDATE CURRENT_TIMESTAMP,
  `verification_code` varchar(6) COLLATE utf8_unicode_ci NOT NULL,
  `device_id` varchar(256) COLLATE utf8_unicode_ci NOT NULL,
  `device_token` varchar(255) COLLATE utf8_unicode_ci NOT NULL,
  `has_verified` tinyint(1) NOT NULL,
  `badge_count` int(11) NOT NULL,
  PRIMARY KEY (`user_id`)
) ENGINE=MyISAM  DEFAULT CHARSET=utf8 COLLATE=utf8_unicode_ci AUTO_INCREMENT=999024 ;

--
-- 转存表中的数据 `tbl_user`
--

INSERT INTO `tbl_user` (`user_id`, `user_name`, `user_avatar_filename`, `user_mobile`, `user_email`, `user_status`, `user_create_at`, `verification_code`, `device_id`, `device_token`, `has_verified`, `badge_count`) VALUES
(1, 'Erwin1234', 'avatars/356a192b7913b04c54574d18c28d46e6395428ab.jpg', '+852 9511 2709', 'seayu@outlook.com', 'Status Here', '2014-08-29 18:29:27', '638357', '3229ADB0-A112-4CE1-B100-62B9543235D7', '', 1, 56),
(2, 'Man Ho', 'avatars/213987859142.jpg', '+852 9813 0932', 'ngmanho888@gmail.com', 'MH''s Status', '2014-08-18 15:43:59', '867629', '96A34883-33C8-435C-A132-8B437EF841C2', '', 1, 46),
(30, 'JKY@iPad2', 'avatars/22d200f8670dbdb3e253a90eee5098477c95c23d.jpg', '+852 9273 2022', 'jackyyipck@gmail.com', 'JKY''s Status', '2014-08-18 15:44:01', '122272', 'D7F52360-A57C-479E-A220-AB34ED148CC3', '498685f78591ff6f8913bac0c430154c1f4a1c691238698ec1a4c21725a9f229', 1, 3),
(3, 'Jacky', 'avatars/999022.jpg', '+852 9273 2022', 'jackyyipck@gmail.com', '', '2014-08-18 15:44:00', '256279', '3A0F3E1E-7009-4D9B-B680-B9E19C0FF77C', '', 1, 13),
(999016, 'Chan', 'avatars/9d67c3a614bd10befad1708bf5b9040f7f015fa4.jpg', '+852 2427 7096', 'mail@seayu.hk', '', '2014-08-25 14:58:41', '246554', '5FF6EAF0-5FAD-4C7B-9FA2-5D5B49DD0095', '69552929bc2467afd750342a83a4a5f0a56d75c4df09d8b423d7a28e3b70b0de', 1, 0),
(999008, 'Tester8', 'Avatar8', '852123456008', 'Tester8@test.com', NULL, '2012-03-03 21:06:14', '', 'deviceid008', 'devicetoken008', 1, 0),
(17, 'seayu', 'avatars/17140197344817.jpg', '+852 5904 1445', 'seayu@outlook.com', 'My status', '2014-06-15 09:45:17', '231408', '', '', 0, 0),
(999007, 'Tester7', 'Avatar7', '852123456007', 'Tester7@test.com', NULL, '2012-03-03 21:06:13', '', 'deviceid007', 'devicetoken007', 0, 0),
(999006, 'Tester6', 'Avatar6', '852123456006', 'Tester6@test.com', NULL, '2012-03-03 21:06:12', '', 'deviceid006', 'devicetoken006', 1, 0),
(999010, 'Pauline', 'avatars/9990101403946699999010.jpg', '+852 9606 3356', 'paulinecwy@gmail.com', '', '2014-08-18 15:25:57', '375904', '878FFEAD-325E-4139-B084-3562A1754CB1', 'b9c3b9e86557b006f35140a2867d5e4331fb07df1e4f4b4234831101696682b2', 0, 5),
(999005, 'Tester5', 'Avatar5', '852123456005', 'Tester5@test.com', NULL, '2012-03-03 21:06:11', '', 'deviceid005', 'devicetoken005', 0, 0),
(999004, 'Tester4', 'Avatar4', '852123456004', 'Tester4@test.com', NULL, '2014-07-25 15:40:03', '', 'deviceid004', 'devicetoken004', 1, 5),
(999003, 'Tester3', 'Avatar3', '852123456003', 'Tester3@test.com', NULL, '2012-03-03 21:06:09', '', 'deviceid003', 'devicetoken003', 1, 0),
(999002, 'Tester2', 'Avatar2', '852123456002', 'Tester2@test.com', NULL, '2014-07-25 15:40:02', '', 'deviceid002', 'devicetoken002', 1, 5),
(999001, 'Tester1', 'Avatar1', '852123456001', 'Tester1@test.com', NULL, '2014-07-25 15:39:58', '', 'deviceid001', 'devicetoken001', 1, 2),
(999020, NULL, NULL, '', NULL, NULL, '2014-08-12 15:37:57', '329137', '', '', 0, 0),
(999023, NULL, NULL, '85267684084', NULL, NULL, '2014-07-26 04:27:30', '654247', 'F46C459D-CF4B-4176-9DD2-CA6597E83C45', '', 0, 0);

/*!40101 SET CHARACTER_SET_CLIENT=@OLD_CHARACTER_SET_CLIENT */;
/*!40101 SET CHARACTER_SET_RESULTS=@OLD_CHARACTER_SET_RESULTS */;
/*!40101 SET COLLATION_CONNECTION=@OLD_COLLATION_CONNECTION */;
