-- phpMyAdmin SQL Dump
-- version 4.0.7
-- http://www.phpmyadmin.net
--
-- 主機: localhost
-- 產生日期: 2014 年 04 月 29 日 23:12
-- 伺服器版本: 5.1.70
-- PHP 版本: 5.3.27

SET SQL_MODE = "NO_AUTO_VALUE_ON_ZERO";
SET time_zone = "+00:00";


/*!40101 SET @OLD_CHARACTER_SET_CLIENT=@@CHARACTER_SET_CLIENT */;
/*!40101 SET @OLD_CHARACTER_SET_RESULTS=@@CHARACTER_SET_RESULTS */;
/*!40101 SET @OLD_COLLATION_CONNECTION=@@COLLATION_CONNECTION */;
/*!40101 SET NAMES utf8 */;

--
-- 資料庫: `seayu_catchup`
--

-- --------------------------------------------------------

--
-- 表的結構 `tbl_comment`
--

CREATE TABLE IF NOT EXISTS `tbl_comment` (
  `comment_id` int(10) NOT NULL AUTO_INCREMENT,
  `create_by` int(11) NOT NULL,
  `create_at` timestamp NOT NULL DEFAULT CURRENT_TIMESTAMP ON UPDATE CURRENT_TIMESTAMP,
  `comment` varchar(256) COLLATE utf8_unicode_ci DEFAULT NULL,
  PRIMARY KEY (`comment_id`)
) ENGINE=MyISAM  DEFAULT CHARSET=utf8 COLLATE=utf8_unicode_ci AUTO_INCREMENT=9922 ;

--
-- 轉存資料表中的資料 `tbl_comment`
--

INSERT INTO `tbl_comment` (`comment_id`, `create_by`, `create_at`, `comment`) VALUES
(1, 55934, '2014-03-07 14:03:01', 'This is a test message.'),
(2, 55886, '2014-03-07 14:03:01', 'Reply'),
(3, 55886, '2014-03-08 09:13:02', '測試中文用'),
(9901, 999001, '2012-03-03 21:06:11', 'Comment message'),
(9902, 999001, '2012-03-03 21:06:12', 'Comment message 2'),
(9903, 55934, '2014-03-15 10:22:32', 'From Web				'),
(9904, 55934, '2014-03-15 10:40:20', 'Testing'),
(9905, 55934, '2014-03-15 10:41:28', 'Hahahahahah'),
(9906, 55934, '2014-03-15 10:51:35', 'I don''t go la.'),
(9907, 999031, '2014-03-16 06:07:45', 'Great!'),
(9908, 999031, '2014-03-16 06:07:53', 'Commetn 2\n'),
(9909, 999031, '2014-03-16 06:07:54', 'Commetn 2\n'),
(9910, 999031, '2014-03-16 06:07:54', 'Commetn 2\n'),
(9915, 999028, '2014-04-26 04:06:45', 'Good app!'),
(9914, 999028, '2014-04-26 04:06:39', 'Yo\n'),
(9916, 55934, '2014-04-27 12:04:13', 'Long long long long long long long long long long message'),
(9917, 55934, '2014-04-27 12:13:27', '\nF\nF\nF\nF\nC\nC\nC\nC\nC\n\nV\nV\nV\nV\n'),
(9918, 55934, '2014-04-27 12:13:37', 'E\nE\nE\nE\nE\nE\n'),
(9919, 55934, '2014-04-27 12:24:17', 'Test'),
(9920, 55934, '2014-04-27 12:24:23', 'Test'),
(9921, 55934, '2014-04-27 12:33:42', 'Test\nTest\nTest');

-- --------------------------------------------------------

--
-- 表的結構 `tbl_comment_event`
--

CREATE TABLE IF NOT EXISTS `tbl_comment_event` (
  `event_id` int(11) NOT NULL,
  `comment_id` int(11) NOT NULL,
  PRIMARY KEY (`event_id`,`comment_id`)
) ENGINE=MyISAM DEFAULT CHARSET=utf8 COLLATE=utf8_unicode_ci;

--
-- 轉存資料表中的資料 `tbl_comment_event`
--

INSERT INTO `tbl_comment_event` (`event_id`, `comment_id`) VALUES
(2809, 1),
(2809, 2),
(2809, 3),
(2809, 9903),
(99981, 9901),
(99981, 9902),
(99997, 9905),
(99998, 9904),
(99998, 9906),
(99999, 9907),
(99999, 9908),
(99999, 9909),
(99999, 9910),
(100030, 9914),
(100030, 9915),
(100030, 9916),
(100030, 9917),
(100030, 9918),
(100030, 9919),
(100030, 9920),
(100030, 9921);

-- --------------------------------------------------------

--
-- 表的結構 `tbl_event`
--

CREATE TABLE IF NOT EXISTS `tbl_event` (
  `event_id` int(10) NOT NULL AUTO_INCREMENT,
  `event_name` varchar(16) COLLATE utf8_unicode_ci NOT NULL,
  `event_desc` varchar(256) COLLATE utf8_unicode_ci DEFAULT NULL,
  `event_create_at` timestamp NOT NULL DEFAULT CURRENT_TIMESTAMP ON UPDATE CURRENT_TIMESTAMP,
  `event_start_at` timestamp NULL DEFAULT NULL,
  `event_expire_at` timestamp NULL DEFAULT NULL,
  `event_create_by` int(11) NOT NULL,
  PRIMARY KEY (`event_id`)
) ENGINE=MyISAM  DEFAULT CHARSET=utf8 COLLATE=utf8_unicode_ci AUTO_INCREMENT=100039 ;

--
-- 轉存資料表中的資料 `tbl_event`
--

INSERT INTO `tbl_event` (`event_id`, `event_name`, `event_desc`, `event_create_at`, `event_start_at`, `event_expire_at`, `event_create_by`) VALUES
(2766, 'Event Beets Gaze', 'Maris to Edna the Sign', '2013-10-28 18:32:48', '0000-00-00 00:00:00', '2013-11-04 21:32:48', 55861),
(2767, 'Event Ong Coach', 'Vancuren to Mindi the Stick', '2013-10-28 18:32:48', '0000-00-00 00:00:00', '2013-11-15 18:32:48', 55833),
(2768, 'Event Mireille B', 'Haymaker to Dale the Birthday', '2013-10-28 18:32:48', '0000-00-00 00:00:00', '2013-11-03 02:32:48', 55928),
(2769, 'Event Angert Ple', 'Sheehan to Mcquinn the Mitten', '2013-10-28 18:32:48', '0000-00-00 00:00:00', '2013-11-11 23:32:48', 55931),
(2770, 'Event Sheehan Pa', 'Deana to Angert the Rub', '2013-10-28 18:32:48', '0000-00-00 00:00:00', '2013-11-15 23:32:48', 55773),
(2771, 'Event Jacquelyne', 'Jessia to Phebe the Yak', '2013-10-28 18:32:48', '0000-00-00 00:00:00', '2013-11-06 05:32:48', 55849),
(2772, 'Event Mitzi Poss', 'Lizzie to Wilken the Blow', '2013-10-28 18:32:48', '0000-00-00 00:00:00', '2013-11-10 04:32:48', 55837),
(2773, 'Event Patton Wav', 'Rosann to Click the Yak', '2013-10-28 18:32:48', '0000-00-00 00:00:00', '2013-11-11 06:32:48', 55844),
(2774, 'Event Colangelo ', 'Randy to Claudie the Meeting', '2013-10-28 18:32:48', '0000-00-00 00:00:00', '2013-11-15 08:32:48', 55956),
(2775, 'Event Merri Plan', 'Deana to Pea the Tiger', '2013-10-28 18:32:48', '0000-00-00 00:00:00', '2013-11-03 05:32:48', 55779),
(2776, 'Event Darrell Ba', 'Adolph to Halberg the Field', '2013-10-28 18:32:48', '0000-00-00 00:00:00', '2013-11-21 22:32:48', 56098),
(2777, 'Event Orem Pine', 'Haywood to Haymaker the Quill', '2013-10-28 18:32:48', '0000-00-00 00:00:00', '2013-11-22 12:32:48', 56046),
(2778, 'Event Ingenito B', 'Nagle to Randy the Show', '2013-10-28 18:32:48', '0000-00-00 00:00:00', '2013-11-07 19:32:48', 56079),
(2779, 'Event Jacquelyne', 'Kells to Cornell the Oven', '2013-10-28 18:32:48', '0000-00-00 00:00:00', '2013-11-26 00:32:48', 56073),
(2780, 'Event Dorado Sha', 'Edna to Rosann the Theory', '2013-10-28 18:32:48', '0000-00-00 00:00:00', '2013-11-22 20:32:48', 55955),
(2781, 'Event Darius For', 'Lilli to Catalfamo the Sleet', '2013-10-28 18:32:48', '0000-00-00 00:00:00', '2013-11-18 15:32:48', 56118),
(2782, 'Event Orem Punct', 'Trish to Colangelo the Temper', '2013-10-28 18:32:48', '0000-00-00 00:00:00', '2013-11-05 12:32:48', 56084),
(2783, 'Event Tavares Kn', 'Mcmaster to Melani the Stick', '2013-10-28 18:32:48', '0000-00-00 00:00:00', '2013-11-10 19:32:48', 55908),
(2784, 'Event Catalfamo ', 'Tanner to Donita the Tiger', '2013-10-28 18:32:48', '0000-00-00 00:00:00', '2013-11-14 08:32:48', 55909),
(2785, 'Event Witt Gaze', 'Dale to Darius the Blow', '2013-10-28 18:32:48', '0000-00-00 00:00:00', '2013-11-19 06:32:48', 55793),
(2786, 'Event Mcnerney B', 'Wilken to Phebe the Cows', '2013-10-28 18:32:48', '0000-00-00 00:00:00', '2013-11-24 19:32:48', 55797),
(2787, 'Event Klump Cycl', 'Bohanon to Claudie the Square', '2013-10-28 18:32:48', '0000-00-00 00:00:00', '2013-11-19 10:32:48', 55994),
(2788, 'Event Mireille W', 'Noma to Adolph the Finger', '2013-10-28 18:32:48', '0000-00-00 00:00:00', '2013-11-24 01:32:48', 55726),
(2789, 'Event Pea Imagin', 'Patton to Thong the Fog', '2013-10-28 18:32:48', '0000-00-00 00:00:00', '2013-11-07 05:32:48', 56003),
(2790, 'Event Vancuren F', 'Jenna to Mireille the Mitten', '2013-10-28 18:32:48', '0000-00-00 00:00:00', '2013-11-04 13:32:48', 56068),
(2791, 'Event Dominica S', 'Edna to Merri the Flowers', '2013-10-28 18:32:48', '0000-00-00 00:00:00', '2013-11-26 10:32:48', 56058),
(2792, 'Event Adolph Dis', 'Darius to Mcmaster the Shade', '2013-10-28 18:32:48', '0000-00-00 00:00:00', '2013-11-24 21:32:48', 55799),
(2793, 'Event Sean Wave', 'Mireille to Felton the Scissors', '2013-10-28 18:32:48', '0000-00-00 00:00:00', '2013-11-19 02:32:48', 56042),
(2794, 'Event Cammack Re', 'Halberg to Mcquinn the Badge', '2013-10-28 18:32:48', '0000-00-00 00:00:00', '2013-11-06 14:32:48', 56099),
(2795, 'Event Tanner Com', 'Gale to Orem the Record', '2013-10-28 18:32:48', '0000-00-00 00:00:00', '2013-11-21 11:32:48', 55819),
(2796, 'Event Sheehan Te', 'Maris to Sean the Sign', '2013-10-28 18:32:48', '0000-00-00 00:00:00', '2013-11-18 20:32:48', 56108),
(2797, 'Event Ranger Jud', 'Mitzi to Every the Worm', '2013-10-28 18:32:48', '0000-00-00 00:00:00', '2013-11-11 07:32:48', 56037),
(2798, 'Event Merri Shiv', 'Tanner to Jessia the Tree', '2013-10-28 18:32:48', '0000-00-00 00:00:00', '2013-11-09 11:32:48', 56008),
(2799, 'Event Lisandra P', 'Halberg to Sheehan the Tree', '2013-10-28 18:32:48', '0000-00-00 00:00:00', '2013-11-19 05:32:48', 55845),
(2800, 'Event Dentler Bu', 'Wilken to Mireille the Shade', '2013-10-28 18:32:48', '0000-00-00 00:00:00', '2013-11-25 12:32:48', 55895),
(2801, 'Event Maffei Rec', 'Lemelin to Click the Pocket', '2013-10-28 18:32:48', '0000-00-00 00:00:00', '2013-11-12 04:32:48', 56113),
(2802, 'Event Panek Grip', 'Maglio to Catherina the Wave', '2013-10-28 18:32:48', '0000-00-00 00:00:00', '2013-11-27 00:32:48', 55897),
(2803, 'Event Rosann Ord', 'Mcquinn to Paola the Flowers', '2013-10-28 18:32:48', '0000-00-00 00:00:00', '2013-11-25 00:32:48', 56094),
(2804, 'Event Ingenito R', 'Lilli to Tanner the Milk', '2013-10-28 18:32:48', '0000-00-00 00:00:00', '2013-11-20 05:32:48', 55768),
(2805, 'Event Mitzi Knot', 'Wilken to Sean the Road', '2013-10-28 18:32:48', '0000-00-00 00:00:00', '2013-11-23 23:32:48', 56111),
(2806, 'Event Cornell Kn', 'Kells to Mcquinn the Root', '2013-10-28 18:32:48', '0000-00-00 00:00:00', '2013-11-09 13:32:48', 55831),
(2807, 'Event Beets Ski', 'Maris to Sheehan the Growth', '2013-10-28 18:32:48', '0000-00-00 00:00:00', '2013-11-08 07:32:48', 56114),
(2808, 'Event Darius Tow', 'Cammack to Tony the Approval', '2013-10-28 18:32:48', '0000-00-00 00:00:00', '2013-11-03 02:32:48', 55754),
(2809, 'Event Panek Boun', 'Picard to Ong the Theory. The quick brown fox jumps over the lazy dog. The quick brown fox jumps over the lazy dog. The quick brown fox jumps over the lazy dog. The quick brown fox jumps over the lazy dog.', '2014-03-22 17:01:49', '2013-04-15 16:00:00', '2013-11-09 11:32:48', 55886),
(2810, 'Event Sweat Ski', 'Mindi to Popa the Chalk', '2013-10-28 18:32:48', '0000-00-00 00:00:00', '2013-11-18 08:32:48', 56052),
(2811, 'Event Mindi Kiss', 'Maris to Beets the Shade', '2013-10-28 18:32:48', '0000-00-00 00:00:00', '2013-11-12 21:32:48', 55928),
(2812, 'Event Haywood Pu', 'Angert to Lucy the Pocket', '2013-10-28 18:32:48', '0000-00-00 00:00:00', '2013-11-23 14:32:48', 55848),
(2813, 'Event Maris Sin', 'Kells to Sweat the Quill', '2013-10-28 18:32:48', '0000-00-00 00:00:00', '2013-11-07 22:32:48', 55942),
(2814, 'Event Mcquinn Pi', 'Jacquetta to Rain the Receipt', '2013-10-28 18:32:48', '0000-00-00 00:00:00', '2013-11-12 05:32:48', 55969),
(2815, 'Event Lizzie Par', 'Nagle to Kells the Request', '2013-10-28 18:32:48', '0000-00-00 00:00:00', '2013-11-11 06:32:48', 55832),
(2816, 'Event Donita Han', 'Mcquinn to Rain the Milk', '2013-10-28 18:32:48', '0000-00-00 00:00:00', '2013-11-27 22:32:48', 56047),
(2817, 'Event Cammack Te', 'Dentler to Gladis the Pocket', '2013-10-28 18:32:48', '0000-00-00 00:00:00', '2013-11-02 10:32:48', 56021),
(2818, 'Event Jacquelyne', 'Kells to Donita the Stick', '2013-10-28 18:32:48', '0000-00-00 00:00:00', '2013-11-09 04:32:48', 55800),
(2819, 'Event Cammack Su', 'Pea to Lisandra the Stick', '2013-10-28 18:32:48', '0000-00-00 00:00:00', '2013-11-12 05:32:48', 55764),
(2820, 'Event Mcmaster R', 'Picard to Hermelinda the Tiger', '2013-10-28 18:32:48', '0000-00-00 00:00:00', '2013-11-23 09:32:48', 55804),
(2821, 'Event Lucy Man', 'Mason to Tavares the Feeling', '2013-10-28 18:32:48', '0000-00-00 00:00:00', '2013-11-23 06:32:48', 55903),
(2822, 'Event Pea Preser', 'Witt to Bohanon the Temper', '2013-10-28 18:32:48', '0000-00-00 00:00:00', '2013-11-03 19:32:48', 55761),
(2823, 'Event Patton Pat', 'Patton to Popa the Badge', '2013-10-28 18:32:48', '0000-00-00 00:00:00', '2013-11-14 11:32:48', 56033),
(2824, 'Event Adolph Sin', 'Cleopatra to Maffei the Woman', '2013-10-28 18:32:48', '0000-00-00 00:00:00', '2013-11-06 12:32:48', 55972),
(2825, 'Event Catalfamo ', 'Ong to Leisy the System', '2013-10-28 18:32:48', '0000-00-00 00:00:00', '2013-11-22 17:32:48', 55903),
(2826, 'Event Bohanon Su', 'Colangelo to Rain the Worm', '2013-10-28 18:32:48', '0000-00-00 00:00:00', '2013-11-22 15:32:48', 56048),
(2827, 'Event Orem Gaze', 'Panek to Ong the Snails', '2013-10-28 18:32:48', '0000-00-00 00:00:00', '2013-11-09 11:32:48', 56021),
(2828, 'Event Witman Tre', 'Bohanon to Lemelin the Fish', '2013-10-28 18:32:48', '0000-00-00 00:00:00', '2013-11-10 14:32:48', 55917),
(2829, 'Event Jenna Obta', 'Cammack to Picard the Badge', '2013-10-28 18:32:48', '0000-00-00 00:00:00', '2013-11-15 07:32:48', 55759),
(2830, 'Event Angert Spo', 'Mindi to Melani the Bite', '2013-10-28 18:32:48', '0000-00-00 00:00:00', '2013-11-15 04:32:48', 56106),
(2831, 'Event Patton Pus', 'Dale to Orem the Finger', '2013-10-28 18:32:48', '0000-00-00 00:00:00', '2013-11-15 08:32:48', 55885),
(2832, 'Event Sheehan Pu', 'Adolph to Lisandra the Flowers', '2013-10-28 18:32:48', '0000-00-00 00:00:00', '2013-11-21 02:32:48', 56108),
(2833, 'Event Kelleher E', 'Cammack to Mcnerney the Whistle', '2013-10-28 18:32:48', '0000-00-00 00:00:00', '2013-11-06 02:32:48', 56063),
(2834, 'Event Tanner Tra', 'Tavares to Catherina the Iron', '2013-10-28 18:32:48', '0000-00-00 00:00:00', '2013-11-15 05:32:48', 55972),
(2835, 'Event Kelleher B', 'Beets to Edna the Apparel', '2013-10-28 18:32:48', '0000-00-00 00:00:00', '2013-11-25 01:32:48', 56118),
(2836, 'Event Jenna Shiv', 'Hayne to Click the Hose', '2013-10-28 18:32:48', '0000-00-00 00:00:00', '2013-11-07 00:32:48', 55891),
(2837, 'Event Every Ente', 'Donita to Tony the Hose', '2013-10-28 18:32:48', '0000-00-00 00:00:00', '2013-11-03 11:32:48', 56067),
(2838, 'Event Yee Empty', 'Lucy to Pea the Tendency', '2013-10-28 18:32:48', '0000-00-00 00:00:00', '2013-11-24 06:32:48', 55978),
(2839, 'Event Panek Whis', 'Trice to Hayne the Tendency', '2013-10-28 18:32:48', '0000-00-00 00:00:00', '2013-11-23 17:32:48', 55890),
(2840, 'Event Sean Man', 'Jacquelyne to Mcmaster the Bubble', '2013-10-28 18:32:48', '0000-00-00 00:00:00', '2013-11-25 08:32:48', 55776),
(2841, 'Event Maris Ente', 'Claudie to Mireille the Kick', '2013-10-28 18:32:48', '0000-00-00 00:00:00', '2013-11-19 14:32:48', 55953),
(2842, 'Event Claudie Pi', 'Colangelo to Mcmaster the Control', '2013-10-28 18:32:48', '0000-00-00 00:00:00', '2013-11-27 08:32:48', 55914),
(2843, 'Event Beets Imag', 'Darius to Wilken the Sign', '2013-10-28 18:32:48', '0000-00-00 00:00:00', '2013-11-06 04:32:48', 55990),
(2844, 'Event Vernie Tra', 'Parry to Nagle the Oven', '2013-10-28 18:32:48', '0000-00-00 00:00:00', '2013-11-27 06:32:48', 55911),
(2845, 'Event Maffei Fra', 'Hermelinda to Cornell the Cream', '2013-10-28 18:32:48', '0000-00-00 00:00:00', '2013-11-12 19:32:48', 55962),
(2846, 'Event Hayne Pick', 'Sweat to Maffei the Birthday', '2013-10-28 18:32:48', '0000-00-00 00:00:00', '2013-11-02 06:32:48', 56005),
(2847, 'Event Phebe Agre', 'Haywood to Claudie the Ink', '2013-10-28 18:32:48', '0000-00-00 00:00:00', '2013-11-04 14:32:48', 56011),
(2848, 'Event Merri Mark', 'Adolph to Orem the Uncle', '2013-10-28 18:32:48', '0000-00-00 00:00:00', '2013-11-11 08:32:48', 55952),
(2849, 'Event Wilken Bor', 'Yee to Kelleher the Button', '2013-10-28 18:32:48', '0000-00-00 00:00:00', '2013-11-05 22:32:48', 55824),
(2850, 'Event Nagle Tow', 'Lemelin to Keva the Rub', '2013-10-28 18:32:48', '0000-00-00 00:00:00', '2013-11-01 11:32:48', 55871),
(2851, 'Event Geneva Ref', 'Dorado to Cleopatra the Gun', '2013-10-28 18:32:48', '0000-00-00 00:00:00', '2013-11-01 17:32:48', 55737),
(2852, 'Event Mcmaster S', 'Sean to Karl the Snails', '2013-10-28 18:32:48', '0000-00-00 00:00:00', '2013-11-02 02:32:48', 55810),
(2853, 'Event Dentler Sm', 'Hayne to Jenna the Hot', '2013-10-28 18:32:48', '0000-00-00 00:00:00', '2013-11-25 22:32:48', 55894),
(2854, 'Event Bohanon Co', 'Maris to Tavares the Reason', '2013-10-28 18:32:48', '0000-00-00 00:00:00', '2013-11-07 08:32:48', 55977),
(2855, 'Event Popa Delay', 'Colangelo to Talley the Knot', '2013-10-28 18:32:48', '0000-00-00 00:00:00', '2013-11-11 08:32:48', 55726),
(100038, 'ABCDE', 'ABCDE', '0000-00-00 00:00:00', '2013-10-26 01:27:26', '2014-10-26 01:27:26', 55934),
(2857, 'Event Click Trea', 'Donny to Patton the Temper', '2013-10-28 18:32:48', '0000-00-00 00:00:00', '2013-11-08 15:32:48', 55953),
(2858, 'Event Claudie Co', 'Jacquelyne to Hermelinda the Milk', '2013-10-28 18:32:48', '0000-00-00 00:00:00', '2013-11-03 21:32:48', 56013),
(2859, 'Event Deana Mark', 'Click to Vernie the Cannon', '2013-10-28 18:32:48', '0000-00-00 00:00:00', '2013-11-03 14:32:48', 55888),
(2860, 'Event Sean Confu', 'Mason to Klump the Ice', '2013-10-28 18:32:48', '0000-00-00 00:00:00', '2013-11-21 18:32:48', 55742),
(2861, 'Event Sheehan Or', 'Jacquelyne to Donny the Hose', '2013-10-28 18:32:48', '0000-00-00 00:00:00', '2013-11-18 08:32:48', 55937),
(2862, 'Event Catherina ', 'Picard to Trice the Bubble', '2013-10-28 18:32:48', '0000-00-00 00:00:00', '2013-11-26 17:32:48', 55917),
(2863, 'Event Ranger Itc', 'Maglio to Lucy the Apparel', '2013-10-28 18:32:48', '0000-00-00 00:00:00', '2013-11-02 12:32:48', 56109),
(2864, 'Event Vernie Obt', 'Edna to Trice the Snails', '2013-10-28 18:32:48', '0000-00-00 00:00:00', '2013-11-13 20:32:48', 56004),
(2865, 'Event Picard Pos', 'Vancuren to Every the Shelf', '2013-10-28 18:32:48', '0000-00-00 00:00:00', '2013-11-06 16:32:48', 55888),
(99982, 'ABC', '123', '2014-03-08 07:30:57', '0000-00-00 00:00:00', '2013-10-26 01:27:26', 55934),
(100006, 'Test 1', 'Test 2\nTest\nTest\nTest\nTest\nTest\nTest\nTest\nTest test\nTrust\nTest\nTest\nTest\nTest\nTest\n', '0000-00-00 00:00:00', '2014-07-22 00:00:00', '2014-09-22 00:00:00', 55934),
(100033, 'Dd', 'Dd', '0000-00-00 00:00:00', '2014-04-28 06:14:44', '2014-04-29 06:14:44', 55934),
(100034, 'Sdsd', 'Sdsds', '0000-00-00 00:00:00', '2014-04-27 06:16:19', '2014-04-28 06:16:19', 55934),
(100035, '211', '1221', '0000-00-00 00:00:00', '2014-04-21 06:19:25', '2014-04-22 06:19:25', 55934),
(100030, 'Hiking', 'Tai mo Shan', '0000-00-00 00:00:00', '2014-05-01 20:00:56', '2014-05-01 21:00:56', 999028),
(100031, 'Ddsd', 'Dsdsd', '0000-00-00 00:00:00', '2014-04-25 05:23:51', '2014-04-26 05:23:51', 55934),
(100032, 'Test', 'Testtest	', '0000-00-00 00:00:00', '2014-04-24 23:58:05', '2014-04-26 23:58:05', 55934),
(100014, '2342', 'Ffgf', '2014-04-20 17:58:05', '0000-00-00 00:00:00', '0000-00-00 00:00:00', 55934),
(99981, 'TestEvent1', 'TestEvent1 Description', '2013-10-21 16:00:00', '2013-10-29 16:00:01', '2013-10-29 16:00:02', 999001),
(100036, 'Dsd', 'Dsd', '0000-00-00 00:00:00', '2014-04-28 06:23:55', '2014-04-29 06:23:55', 55934),
(100037, 'Fd', 'Fdf', '0000-00-00 00:00:00', '2014-05-01 06:33:28', '2014-05-02 06:33:28', 55934);

-- --------------------------------------------------------

--
-- 表的結構 `tbl_event_option`
--

CREATE TABLE IF NOT EXISTS `tbl_event_option` (
  `event_id` int(11) NOT NULL,
  `option_id` int(11) NOT NULL,
  PRIMARY KEY (`event_id`,`option_id`)
) ENGINE=MyISAM DEFAULT CHARSET=utf8 COLLATE=utf8_unicode_ci;

--
-- 轉存資料表中的資料 `tbl_event_option`
--

INSERT INTO `tbl_event_option` (`event_id`, `option_id`) VALUES
(2766, 20826),
(2766, 20827),
(2766, 20828),
(2766, 20829),
(2766, 20830),
(2766, 20831),
(2766, 20832),
(2767, 20833),
(2767, 20834),
(2768, 20835),
(2768, 20836),
(2768, 20837),
(2768, 20838),
(2768, 20839),
(2769, 20840),
(2769, 20841),
(2769, 20842),
(2769, 20843),
(2769, 20844),
(2770, 20845),
(2770, 20846),
(2770, 20847),
(2770, 20848),
(2770, 20849),
(2770, 20850),
(2771, 20851),
(2771, 20852),
(2771, 20853),
(2771, 20854),
(2771, 20855),
(2771, 20856),
(2771, 20857),
(2771, 20858),
(2772, 20859),
(2772, 20860),
(2772, 20861),
(2772, 20862),
(2773, 20863),
(2773, 20864),
(2774, 20865),
(2774, 20866),
(2774, 20867),
(2775, 20868),
(2775, 20869),
(2775, 20870),
(2775, 20871),
(2775, 20872),
(2775, 20873),
(2776, 20874),
(2776, 20875),
(2776, 20876),
(2776, 20877),
(2777, 20878),
(2777, 20879),
(2777, 20880),
(2777, 20881),
(2777, 20882),
(2778, 20883),
(2778, 20884),
(2778, 20885),
(2778, 20886),
(2778, 20887),
(2778, 20888),
(2778, 20889),
(2778, 20890),
(2779, 20891),
(2779, 20892),
(2779, 20893),
(2779, 20894),
(2780, 20895),
(2780, 20896),
(2780, 20897),
(2780, 20898),
(2780, 20899),
(2781, 20900),
(2781, 20901),
(2781, 20902),
(2781, 20903),
(2781, 20904),
(2782, 20905),
(2782, 20906),
(2783, 20907),
(2783, 20908),
(2783, 20909),
(2783, 20910),
(2783, 20911),
(2783, 20912),
(2784, 20913),
(2784, 20914),
(2784, 20915),
(2784, 20916),
(2784, 20917),
(2784, 20918),
(2784, 20919),
(2784, 20920),
(2785, 20921),
(2785, 20922),
(2786, 20923),
(2786, 20924),
(2786, 20925),
(2786, 20926),
(2786, 20927),
(2786, 20928),
(2787, 20929),
(2787, 20930),
(2787, 20931),
(2787, 20932),
(2788, 20933),
(2788, 20934),
(2788, 20935),
(2788, 20936),
(2788, 20937),
(2789, 20938),
(2789, 20939),
(2790, 20940),
(2790, 20941),
(2790, 20942),
(2790, 20943),
(2790, 20944),
(2791, 20945),
(2791, 20946),
(2791, 20947),
(2791, 20948),
(2791, 20949),
(2792, 20950),
(2792, 20951),
(2792, 20952),
(2792, 20953),
(2792, 20954),
(2793, 20955),
(2793, 20956),
(2793, 20957),
(2794, 20958),
(2794, 20959),
(2794, 20960),
(2794, 20961),
(2794, 20962),
(2794, 20963),
(2795, 20964),
(2795, 20965),
(2795, 20966),
(2796, 20967),
(2796, 20968),
(2796, 20969),
(2796, 20970),
(2796, 20971),
(2797, 20972),
(2797, 20973),
(2797, 20974),
(2797, 20975),
(2797, 20976),
(2798, 20977),
(2798, 20978),
(2798, 20979),
(2798, 20980),
(2798, 20981),
(2798, 20982),
(2799, 20983),
(2799, 20984),
(2799, 20985),
(2799, 20986),
(2800, 20987),
(2800, 20988),
(2800, 20989),
(2800, 20990),
(2800, 20991),
(2800, 20992),
(2801, 20993),
(2801, 20994),
(2802, 20995),
(2802, 20996),
(2802, 20997),
(2802, 20998),
(2802, 20999),
(2802, 21000),
(2802, 21001),
(2802, 21002),
(2803, 21003),
(2803, 21004),
(2803, 21005),
(2803, 21006),
(2803, 21007),
(2804, 21008),
(2804, 21009),
(2804, 21010),
(2804, 21011),
(2804, 21012),
(2804, 21013),
(2804, 21014),
(2804, 21015),
(2805, 21016),
(2805, 21017),
(2805, 21018),
(2805, 21019),
(2805, 21020),
(2805, 21021),
(2806, 21022),
(2806, 21023),
(2806, 21024),
(2806, 21025),
(2806, 21026),
(2806, 21027),
(2807, 21028),
(2807, 21029),
(2807, 21030),
(2807, 21031),
(2807, 21032),
(2807, 21033),
(2808, 21034),
(2808, 21035),
(2808, 21036),
(2808, 21037),
(2808, 21038),
(2808, 21039),
(2808, 21040),
(2809, 21041),
(2809, 21042),
(2809, 21043),
(2809, 21044),
(2809, 21045),
(2809, 21046),
(2810, 21047),
(2810, 21048),
(2810, 21049),
(2810, 21050),
(2810, 21051),
(2810, 21052),
(2810, 21053),
(2811, 21054),
(2811, 21055),
(2811, 21056),
(2811, 21057),
(2811, 21058),
(2811, 21059),
(2811, 21060),
(2811, 21061),
(2812, 21062),
(2812, 21063),
(2812, 21064),
(2812, 21065),
(2812, 21066),
(2813, 21067),
(2813, 21068),
(2813, 21069),
(2813, 21070),
(2814, 21071),
(2814, 21072),
(2814, 21073),
(2814, 21074),
(2814, 21075),
(2815, 21076),
(2815, 21077),
(2815, 21078),
(2815, 21079),
(2815, 21080),
(2815, 21081),
(2815, 21082),
(2816, 21083),
(2816, 21084),
(2816, 21085),
(2816, 21086),
(2816, 21087),
(2817, 21088),
(2817, 21089),
(2817, 21090),
(2817, 21091),
(2817, 21092),
(2817, 21093),
(2817, 21094),
(2818, 21095),
(2818, 21096),
(2818, 21097),
(2818, 21098),
(2819, 21099),
(2819, 21100),
(2820, 21101),
(2820, 21102),
(2820, 21103),
(2820, 21104),
(2821, 21105),
(2821, 21106),
(2821, 21107),
(2821, 21108),
(2821, 21109),
(2821, 21110),
(2822, 21111),
(2822, 21112),
(2822, 21113),
(2823, 21114),
(2823, 21115),
(2823, 21116),
(2823, 21117),
(2823, 21118),
(2823, 21119),
(2824, 21120),
(2824, 21121),
(2824, 21122),
(2825, 21123),
(2825, 21124),
(2825, 21125),
(2825, 21126),
(2826, 21127),
(2826, 21128),
(2826, 21129),
(2826, 21130),
(2826, 21131),
(2827, 21132),
(2827, 21133),
(2827, 21134),
(2827, 21135),
(2828, 21136),
(2828, 21137),
(2829, 21138),
(2829, 21139),
(2829, 21140),
(2829, 21141),
(2829, 21142),
(2829, 21143),
(2829, 21144),
(2829, 21145),
(2830, 21146),
(2830, 21147),
(2830, 21148),
(2830, 21149),
(2830, 21150),
(2831, 21151),
(2831, 21152),
(2831, 21153),
(2831, 21154),
(2831, 21155),
(2831, 21156),
(2831, 21157),
(2831, 21158),
(2832, 21159),
(2832, 21160),
(2832, 21161),
(2832, 21162),
(2832, 21163),
(2833, 21164),
(2833, 21165),
(2833, 21166),
(2833, 21167),
(2833, 21168),
(2833, 21169),
(2833, 21170),
(2833, 21171),
(2834, 21172),
(2834, 21173),
(2834, 21174),
(2834, 21175),
(2834, 21176),
(2835, 21177),
(2835, 21178),
(2835, 21179),
(2835, 21180),
(2835, 21181),
(2836, 21182),
(2836, 21183),
(2836, 21184),
(2836, 21185),
(2836, 21186),
(2836, 21187),
(2836, 21188),
(2836, 21189),
(2837, 21190),
(2837, 21191),
(2837, 21192),
(2837, 21193),
(2837, 21194),
(2837, 21195),
(2837, 21196),
(2837, 21197),
(2838, 21198),
(2838, 21199),
(2838, 21200),
(2838, 21201),
(2838, 21202),
(2839, 21203),
(2839, 21204),
(2839, 21205),
(2839, 21206),
(2839, 21207),
(2840, 21208),
(2840, 21209),
(2840, 21210),
(2840, 21211),
(2840, 21212),
(2840, 21213),
(2840, 21214),
(2840, 21215),
(2841, 21216),
(2841, 21217),
(2841, 21218),
(2841, 21219),
(2841, 21220),
(2841, 21221),
(2841, 21222),
(2841, 21223),
(2842, 21224),
(2842, 21225),
(2842, 21226),
(2842, 21227),
(2842, 21228),
(2842, 21229),
(2842, 21230),
(2842, 21231),
(2843, 21232),
(2843, 21233),
(2843, 21234),
(2843, 21235),
(2843, 21236),
(2843, 21237),
(2843, 21238),
(2844, 21239),
(2844, 21240),
(2844, 21241),
(2845, 21242),
(2845, 21243),
(2845, 21244),
(2845, 21245),
(2845, 21246),
(2846, 21247),
(2846, 21248),
(2846, 21249),
(2846, 21250),
(2846, 21251),
(2847, 21252),
(2847, 21253),
(2847, 21254),
(2848, 21255),
(2848, 21256),
(2849, 21257),
(2849, 21258),
(2849, 21259),
(2850, 21260),
(2850, 21261),
(2850, 21262),
(2850, 21263),
(2850, 21264),
(2850, 21265),
(2851, 21266),
(2851, 21267),
(2851, 21268),
(2851, 21269),
(2851, 21270),
(2851, 21271),
(2852, 21272),
(2852, 21273),
(2852, 21274),
(2852, 21275),
(2852, 21276),
(2852, 21277),
(2852, 21278),
(2853, 21279),
(2853, 21280),
(2853, 21281),
(2854, 21282),
(2854, 21283),
(2855, 21284),
(2855, 21285),
(2855, 21286),
(2857, 21292),
(2857, 21293),
(2857, 21294),
(2857, 21295),
(2857, 21296),
(2857, 21297),
(2858, 21298),
(2858, 21299),
(2859, 21300),
(2859, 21301),
(2859, 21302),
(2860, 21303),
(2860, 21304),
(2860, 21305),
(2861, 21306),
(2861, 21307),
(2861, 21308),
(2861, 21309),
(2861, 21310),
(2861, 21311),
(2862, 21312),
(2862, 21313),
(2862, 21314),
(2862, 21315),
(2862, 21316),
(2862, 21317),
(2862, 21318),
(2862, 21319),
(2863, 21320),
(2863, 21321),
(2863, 21322),
(2864, 21323),
(2864, 21324),
(2864, 21325),
(2865, 21326),
(2865, 21327),
(2865, 21328),
(2865, 21329),
(2865, 21330),
(2865, 21331),
(99981, 99881),
(99981, 99882),
(99981, 99883),
(99984, 99884),
(99984, 99885),
(99985, 99886),
(99985, 99887),
(99986, 99888),
(99986, 99889),
(99987, 99890),
(99988, 99891),
(99988, 99892),
(99988, 99893),
(99991, 99894),
(99991, 99895),
(99991, 99896),
(99992, 99897),
(99992, 99898),
(99992, 99899),
(99994, 99900),
(99994, 99901),
(99994, 99902),
(99995, 99903),
(99995, 99904),
(99995, 99905),
(99998, 99906),
(99998, 99907),
(99999, 99908),
(99999, 99909),
(99999, 99910),
(100000, 99911),
(100000, 99912),
(100001, 99913),
(100001, 99914),
(100002, 99915),
(100002, 99916),
(100002, 99917),
(100003, 99918),
(100003, 99919),
(100003, 99920),
(100006, 99921),
(100006, 99922),
(100006, 99923),
(100014, 99924),
(100014, 99925),
(100015, 99926),
(100030, 99970),
(100030, 99971),
(100031, 99973),
(100033, 99974),
(100034, 99975),
(100034, 99976),
(100034, 99977),
(100035, 99978),
(100036, 99979),
(100036, 99980),
(100036, 99981),
(100037, 99982),
(100038, 99983),
(100038, 99984);

-- --------------------------------------------------------

--
-- 表的結構 `tbl_event_user`
--

CREATE TABLE IF NOT EXISTS `tbl_event_user` (
  `event_id` int(11) NOT NULL,
  `user_id` int(11) NOT NULL,
  PRIMARY KEY (`event_id`,`user_id`)
) ENGINE=MyISAM DEFAULT CHARSET=utf8 COLLATE=utf8_unicode_ci;

--
-- 轉存資料表中的資料 `tbl_event_user`
--

INSERT INTO `tbl_event_user` (`event_id`, `user_id`) VALUES
(2766, 55730),
(2766, 55771),
(2766, 55803),
(2766, 55861),
(2766, 55892),
(2767, 55833),
(2767, 55871),
(2767, 56023),
(2768, 55725),
(2768, 55755),
(2768, 55794),
(2768, 55831),
(2768, 55850),
(2768, 55881),
(2768, 55894),
(2768, 55928),
(2768, 55933),
(2768, 55963),
(2769, 55752),
(2769, 55769),
(2769, 55777),
(2769, 55804),
(2769, 55808),
(2769, 55832),
(2769, 55871),
(2769, 55904),
(2769, 55918),
(2769, 55931),
(2769, 55951),
(2770, 55773),
(2770, 55774),
(2770, 55844),
(2770, 55883),
(2770, 55916),
(2770, 55989),
(2771, 55803),
(2771, 55849),
(2771, 55866),
(2771, 55916),
(2771, 55947),
(2772, 55782),
(2772, 55837),
(2772, 55875),
(2772, 55886),
(2772, 55976),
(2773, 55773),
(2773, 55844),
(2773, 55846),
(2773, 55893),
(2773, 55917),
(2773, 55932),
(2774, 55784),
(2774, 55799),
(2774, 55848),
(2774, 55869),
(2774, 55947),
(2774, 55956),
(2775, 55736),
(2775, 55755),
(2775, 55779),
(2775, 55787),
(2775, 55796),
(2775, 55807),
(2775, 55810),
(2776, 55804),
(2776, 55819),
(2776, 55873),
(2776, 55884),
(2776, 56098),
(2777, 55743),
(2777, 55768),
(2777, 55770),
(2777, 55773),
(2777, 55802),
(2777, 55829),
(2777, 55858),
(2777, 55898),
(2777, 55910),
(2777, 55938),
(2777, 56046),
(2778, 55737),
(2778, 55744),
(2778, 55749),
(2778, 55768),
(2778, 55770),
(2778, 55771),
(2778, 55784),
(2778, 55791),
(2778, 55817),
(2778, 56079),
(2779, 55735),
(2779, 55757),
(2779, 55828),
(2779, 55846),
(2779, 56073),
(2780, 55751),
(2780, 55777),
(2780, 55785),
(2780, 55803),
(2780, 55836),
(2780, 55852),
(2780, 55870),
(2780, 55876),
(2780, 55885),
(2780, 55905),
(2780, 55955),
(2781, 55770),
(2781, 55796),
(2781, 55837),
(2781, 55840),
(2781, 55894),
(2781, 55945),
(2781, 55949),
(2781, 56118),
(2782, 55755),
(2782, 55759),
(2782, 55776),
(2782, 55800),
(2782, 55824),
(2782, 55841),
(2782, 55846),
(2782, 55863),
(2782, 55900),
(2782, 56084),
(2783, 55786),
(2783, 55816),
(2783, 55839),
(2783, 55865),
(2783, 55880),
(2783, 55883),
(2783, 55908),
(2784, 55764),
(2784, 55776),
(2784, 55847),
(2784, 55851),
(2784, 55909),
(2785, 55755),
(2785, 55785),
(2785, 55793),
(2785, 55808),
(2785, 55820),
(2785, 55847),
(2785, 55856),
(2785, 55880),
(2785, 55885),
(2785, 55896),
(2785, 55930),
(2786, 55756),
(2786, 55797),
(2786, 55864),
(2786, 55953),
(2787, 55776),
(2787, 55849),
(2787, 55877),
(2787, 55930),
(2787, 55935),
(2787, 55994),
(2788, 55726),
(2788, 55735),
(2788, 55750),
(2788, 55753),
(2788, 55800),
(2788, 55817),
(2788, 55850),
(2788, 55870),
(2788, 55873),
(2789, 55761),
(2789, 55868),
(2789, 55932),
(2789, 56003),
(2790, 55759),
(2790, 55768),
(2790, 55826),
(2790, 55848),
(2790, 55895),
(2790, 56068),
(2791, 55740),
(2791, 55781),
(2791, 55803),
(2791, 55837),
(2791, 55854),
(2791, 55911),
(2791, 55913),
(2791, 56058),
(2792, 55772),
(2792, 55799),
(2792, 55821),
(2792, 55874),
(2792, 55925),
(2792, 55976),
(2792, 56032),
(2792, 56071),
(2793, 55745),
(2793, 55755),
(2793, 55806),
(2793, 55881),
(2793, 55882),
(2793, 56042),
(2794, 55741),
(2794, 55746),
(2794, 55759),
(2794, 55772),
(2794, 55822),
(2794, 55853),
(2794, 55858),
(2794, 55886),
(2794, 56099),
(2795, 55794),
(2795, 55819),
(2795, 55862),
(2796, 55754),
(2796, 55802),
(2796, 55836),
(2796, 56108),
(2797, 55831),
(2797, 55887),
(2797, 56037),
(2798, 55769),
(2798, 55864),
(2798, 56008),
(2799, 55734),
(2799, 55746),
(2799, 55784),
(2799, 55785),
(2799, 55805),
(2799, 55807),
(2799, 55817),
(2799, 55845),
(2799, 55856),
(2799, 55875),
(2799, 55891),
(2800, 55802),
(2800, 55895),
(2800, 55952),
(2801, 55821),
(2801, 55996),
(2801, 56113),
(2802, 55738),
(2802, 55753),
(2802, 55787),
(2802, 55817),
(2802, 55852),
(2802, 55883),
(2802, 55897),
(2802, 55899),
(2802, 55942),
(2802, 55970),
(2803, 55737),
(2803, 55741),
(2803, 55796),
(2803, 55810),
(2803, 55850),
(2803, 55863),
(2803, 55880),
(2803, 56094),
(2804, 55768),
(2804, 55783),
(2804, 55794),
(2804, 55809),
(2804, 55837),
(2804, 55856),
(2804, 55867),
(2805, 55814),
(2805, 55919),
(2805, 55948),
(2805, 56111),
(2806, 55734),
(2806, 55759),
(2806, 55801),
(2806, 55831),
(2806, 55845),
(2806, 55857),
(2806, 55903),
(2806, 55937),
(2807, 55908),
(2807, 55975),
(2807, 56114),
(2808, 55737),
(2808, 55754),
(2808, 55756),
(2808, 55781),
(2808, 55782),
(2808, 55807),
(2808, 55839),
(2809, 55768),
(2809, 55867),
(2809, 55886),
(2809, 55934),
(2809, 56027),
(2810, 55778),
(2810, 55812),
(2810, 55866),
(2810, 55915),
(2810, 55958),
(2810, 56052),
(2811, 55741),
(2811, 55800),
(2811, 55863),
(2811, 55894),
(2811, 55921),
(2811, 55928),
(2811, 55976),
(2812, 55737),
(2812, 55738),
(2812, 55753),
(2812, 55785),
(2812, 55818),
(2812, 55848),
(2812, 55857),
(2812, 55875),
(2812, 55884),
(2812, 55895),
(2812, 55901),
(2813, 55736),
(2813, 55769),
(2813, 55801),
(2813, 55814),
(2813, 55825),
(2813, 55826),
(2813, 55850),
(2813, 55867),
(2813, 55898),
(2813, 55924),
(2813, 55942),
(2814, 55808),
(2814, 55833),
(2814, 55910),
(2814, 55969),
(2815, 55754),
(2815, 55784),
(2815, 55832),
(2815, 55834),
(2815, 55873),
(2815, 55891),
(2816, 55819),
(2816, 55828),
(2816, 55916),
(2816, 55962),
(2816, 56047),
(2817, 55750),
(2817, 55758),
(2817, 55774),
(2817, 55778),
(2817, 55830),
(2817, 56021),
(2818, 55751),
(2818, 55782),
(2818, 55797),
(2818, 55800),
(2818, 55802),
(2818, 55837),
(2818, 55860),
(2818, 55867),
(2818, 55887),
(2818, 55919),
(2818, 55955),
(2819, 55764),
(2819, 55866),
(2819, 55907),
(2820, 55737),
(2820, 55760),
(2820, 55804),
(2820, 55807),
(2820, 55886),
(2820, 55906),
(2821, 55790),
(2821, 55891),
(2821, 55903),
(2821, 56003),
(2822, 55761),
(2822, 55854),
(2822, 55873),
(2822, 55941),
(2823, 55741),
(2823, 55759),
(2823, 55764),
(2823, 55772),
(2823, 55792),
(2823, 55829),
(2823, 55833),
(2823, 55834),
(2823, 55849),
(2823, 56033),
(2824, 55755),
(2824, 55764),
(2824, 55781),
(2824, 55791),
(2824, 55804),
(2824, 55828),
(2824, 55855),
(2824, 55861),
(2824, 55888),
(2824, 55916),
(2824, 55972),
(2825, 55749),
(2825, 55773),
(2825, 55827),
(2825, 55901),
(2825, 55903),
(2825, 55979),
(2826, 55762),
(2826, 55802),
(2826, 55823),
(2826, 55861),
(2826, 55900),
(2826, 55912),
(2826, 55932),
(2826, 55956),
(2826, 55981),
(2826, 56048),
(2827, 55727),
(2827, 55753),
(2827, 55784),
(2827, 55785),
(2827, 55822),
(2827, 55831),
(2827, 55853),
(2827, 55872),
(2827, 55904),
(2827, 55912),
(2827, 56021),
(2828, 55747),
(2828, 55787),
(2828, 55793),
(2828, 55816),
(2828, 55822),
(2828, 55854),
(2828, 55868),
(2828, 55874),
(2828, 55903),
(2828, 55917),
(2828, 55926),
(2829, 55759),
(2829, 55764),
(2829, 55778),
(2829, 55790),
(2829, 55811),
(2829, 55830),
(2829, 55838),
(2829, 55854),
(2829, 55870),
(2830, 55722),
(2830, 55761),
(2830, 55803),
(2830, 55825),
(2830, 55885),
(2830, 55898),
(2830, 56106),
(2831, 55773),
(2831, 55819),
(2831, 55885),
(2831, 55916),
(2832, 55763),
(2832, 55766),
(2832, 55823),
(2832, 55887),
(2832, 55939),
(2832, 55997),
(2832, 56108),
(2833, 55742),
(2833, 55755),
(2833, 55763),
(2833, 55797),
(2833, 55804),
(2833, 55811),
(2833, 55838),
(2833, 55840),
(2833, 55850),
(2833, 55878),
(2833, 56063),
(2834, 55722),
(2834, 55751),
(2834, 55783),
(2834, 55806),
(2834, 55972),
(2835, 55749),
(2835, 55761),
(2835, 55771),
(2835, 55772),
(2835, 55793),
(2835, 55802),
(2835, 55819),
(2835, 55846),
(2835, 55859),
(2835, 55868),
(2835, 56118),
(2836, 55734),
(2836, 55745),
(2836, 55795),
(2836, 55821),
(2836, 55853),
(2836, 55891),
(2836, 55898),
(2836, 55945),
(2836, 55963),
(2837, 55738),
(2837, 55760),
(2837, 55800),
(2837, 55802),
(2837, 55816),
(2837, 55850),
(2837, 55851),
(2837, 56067),
(2838, 55805),
(2838, 55820),
(2838, 55872),
(2838, 55915),
(2838, 55978),
(2839, 55822),
(2839, 55890),
(2839, 55899),
(2839, 55938),
(2840, 55776),
(2840, 55819),
(2840, 55899),
(2840, 55918),
(2840, 55978),
(2841, 55752),
(2841, 55782),
(2841, 55800),
(2841, 55823),
(2841, 55829),
(2841, 55843),
(2841, 55875),
(2841, 55953),
(2842, 55811),
(2842, 55893),
(2842, 55907),
(2842, 55914),
(2843, 55734),
(2843, 55827),
(2843, 55861),
(2843, 55930),
(2843, 55990),
(2844, 55792),
(2844, 55844),
(2844, 55862),
(2844, 55911),
(2844, 55935),
(2844, 55989),
(2845, 55746),
(2845, 55791),
(2845, 55838),
(2845, 55858),
(2845, 55886),
(2845, 55891),
(2845, 55922),
(2845, 55940),
(2845, 55962),
(2846, 55771),
(2846, 55819),
(2846, 55858),
(2846, 55888),
(2846, 55903),
(2846, 55952),
(2846, 55990),
(2846, 55996),
(2846, 56005),
(2847, 55747),
(2847, 55802),
(2847, 55807),
(2847, 55832),
(2847, 55882),
(2847, 56011),
(2848, 55750),
(2848, 55787),
(2848, 55808),
(2848, 55822),
(2848, 55850),
(2848, 55856),
(2848, 55859),
(2848, 55899),
(2848, 55920),
(2848, 55936),
(2848, 55952),
(2849, 55824),
(2849, 55841),
(2849, 55963),
(2849, 55968),
(2850, 55860),
(2850, 55871),
(2850, 55906),
(2851, 55737),
(2851, 55785),
(2851, 55825),
(2851, 55897),
(2851, 55955),
(2852, 55736),
(2852, 55810),
(2852, 55886),
(2853, 55748),
(2853, 55764),
(2853, 55769),
(2853, 55778),
(2853, 55810),
(2853, 55853),
(2853, 55880),
(2853, 55894),
(2853, 55907),
(2854, 55876),
(2854, 55972),
(2854, 55977),
(2855, 55726),
(2855, 55736),
(2855, 55766),
(2855, 55792),
(2855, 55811),
(2855, 55859),
(2855, 55872),
(2855, 55883),
(2855, 55913),
(2857, 55751),
(2857, 55775),
(2857, 55840),
(2857, 55848),
(2857, 55849),
(2857, 55873),
(2857, 55953),
(2858, 55874),
(2858, 55991),
(2858, 56013),
(2859, 55741),
(2859, 55743),
(2859, 55770),
(2859, 55806),
(2859, 55816),
(2859, 55868),
(2859, 55880),
(2859, 55888),
(2860, 55742),
(2860, 55810),
(2860, 55865),
(2860, 55877),
(2861, 55753),
(2861, 55755),
(2861, 55804),
(2861, 55823),
(2861, 55830),
(2861, 55865),
(2861, 55904),
(2861, 55925),
(2861, 55937),
(2862, 55745),
(2862, 55746),
(2862, 55778),
(2862, 55800),
(2862, 55826),
(2862, 55853),
(2862, 55880),
(2862, 55899),
(2862, 55917),
(2863, 55745),
(2863, 55812),
(2863, 55825),
(2863, 55881),
(2863, 55882),
(2863, 55937),
(2863, 56109),
(2864, 55836),
(2864, 55901),
(2864, 56004),
(2864, 56031),
(2865, 55758),
(2865, 55802),
(2865, 55847),
(2865, 55882),
(2865, 55888),
(2865, 55943),
(2865, 55986),
(99981, 999001),
(99981, 999002),
(99981, 999004),
(99983, 0),
(99984, 12334),
(99985, 12334),
(99985, 42341),
(99985, 42342),
(99986, 12334),
(99986, 42341),
(99986, 42342),
(99987, 0),
(99987, 999028),
(99988, 0),
(99991, 0),
(99992, 0),
(99994, 0),
(99995, 55723),
(99998, 12334),
(99998, 42341),
(99998, 42342),
(99999, 999031),
(100000, 55721),
(100000, 55722),
(100000, 55723),
(100001, 55721),
(100001, 55722),
(100001, 55723),
(100004, 55934),
(100005, 55934),
(100006, 55934),
(100014, 55722),
(100014, 55934),
(100015, 0),
(100015, 55934),
(100030, 55934),
(100030, 999028),
(100030, 999047),
(100031, 55724),
(100031, 55934),
(100032, 55724),
(100032, 55934),
(100032, 56120),
(100033, 55724),
(100033, 55934),
(100034, 55724),
(100034, 55934),
(100034, 56120),
(100034, 999077),
(100035, 55724),
(100035, 55934),
(100036, 55724),
(100036, 55934),
(100036, 56120),
(100036, 999077),
(100037, 55724),
(100037, 55934),
(100037, 56120),
(100037, 999077),
(100038, 55721),
(100038, 55934);

-- --------------------------------------------------------

--
-- 表的結構 `tbl_option`
--

CREATE TABLE IF NOT EXISTS `tbl_option` (
  `option_id` int(11) NOT NULL AUTO_INCREMENT,
  `option_name` varchar(16) COLLATE utf8_unicode_ci NOT NULL,
  `option_desc` varchar(64) COLLATE utf8_unicode_ci DEFAULT NULL,
  PRIMARY KEY (`option_id`)
) ENGINE=MyISAM  DEFAULT CHARSET=utf8 COLLATE=utf8_unicode_ci AUTO_INCREMENT=99985 ;

--
-- 轉存資料表中的資料 `tbl_option`
--

INSERT INTO `tbl_option` (`option_id`, `option_name`, `option_desc`) VALUES
(20826, 'Hose', 'Adhesive and Unhealthy Hose'),
(20827, 'Flowers', 'Boring and Automatic Flowers'),
(20828, 'Ink', 'Hurt and Real Ink'),
(20829, 'Cakes', 'Weary and Nappy Cakes'),
(20830, 'Milk', 'Acrid and Real Milk'),
(20831, 'Question', 'Acrid and Determined Question'),
(20832, 'Idea', 'Guarded and Wild Idea'),
(20833, 'Pen', 'Spiteful and Colossal Pen'),
(20834, 'Shelf', 'Exuberant and Few Shelf'),
(20835, 'Gun', 'Substantial and Oafish Gun'),
(20836, 'Government', 'Stiff and Weary Government'),
(20837, 'Whistle', 'Sleepy and Well-off Whistle'),
(20838, 'Growth', 'Well-off and Spooky Growth'),
(20839, 'Place', 'Second-hand and Moldy Place'),
(20840, 'Oven', 'Secret and Disastrous Oven'),
(20841, 'Sign', 'Spooky and Misty Sign'),
(20842, 'Birthday', 'Few and Secret Birthday'),
(20843, 'Show', 'Embarrassed and Lonely Show'),
(20844, 'Square', 'Cloistered and Sleepy Square'),
(20845, 'Scissors', 'Hurt and Classy Scissors'),
(20846, 'Ice', 'Second-hand and Like Ice'),
(20847, 'Feeling', 'Numberless and Embarrassed Feeling'),
(20848, 'Worm', 'Exuberant and Prickly Worm'),
(20849, 'Pocket', 'Mighty and Wild Pocket'),
(20850, 'Sleet', 'Sassy and Few Sleet'),
(20851, 'Uncle', 'Lying and Cloudy Uncle'),
(20852, 'Sign', 'Wry and Garrulous Sign'),
(20853, 'Pocket', 'Brief and Sassy Pocket'),
(20854, 'Cellar', 'Rotten and Cluttered Cellar'),
(20855, 'Question', 'Faint and Puny Question'),
(20856, 'Cows', 'Mighty and Cloistered Cows'),
(20857, 'Shade', 'Mellow and Longing Shade'),
(20858, 'System', 'Scattered and Garrulous System'),
(20859, 'Blow', 'Rambunctious and Aware Blow'),
(20860, 'Cows', 'Loving and Temporary Cows'),
(20861, 'Shade', 'Old-fashioned and Innate Shade'),
(20862, 'Cakes', 'Abrasive and Few Cakes'),
(20863, 'Reason', 'Sleepy and Substantial Reason'),
(20864, 'Milk', 'Weary and Earthy Milk'),
(20865, 'Bubble', 'Thundering and Mature Bubble'),
(20866, 'Uncle', 'Mighty and Peaceful Uncle'),
(20867, 'Ice', 'Spooky and Sad Ice'),
(20868, 'Flowers', 'Nappy and Determined Flowers'),
(20869, 'Tree', 'Stiff and Substantial Tree'),
(20870, 'Finger', 'Cluttered and Acrid Finger'),
(20871, 'Record', 'Aware and Ossified Record'),
(20872, 'Apparel', 'Changeable and Decisive Apparel'),
(20873, 'Zephyr', 'Hissing and Oafish Zephyr'),
(20874, 'Sleet', 'Ossified and Oafish Sleet'),
(20875, 'Theory', 'Brief and Old-fashioned Theory'),
(20876, 'Friend', 'Curved and Sad Friend'),
(20877, 'Whistle', 'Exuberant and Peaceful Whistle'),
(20878, 'Ice', 'Secret and Puny Ice'),
(20879, 'Tendency', 'Numberless and Cheap Tendency'),
(20880, 'Steel', 'Embarrassed and Garrulous Steel'),
(20881, 'Cream', 'Lonely and Old-fashioned Cream'),
(20882, 'Pipe', 'Soggy and Earthy Pipe'),
(20883, 'Zephyr', 'Loving and Colossal Zephyr'),
(20884, 'Yak', 'Colossal and Stiff Yak'),
(20885, 'Uncle', 'Cheap and Classy Uncle'),
(20886, 'Snails', 'Mighty and Scandalous Snails'),
(20887, 'Brass', 'Rotten and Old-fashioned Brass'),
(20888, 'Lunchroom', 'Cluttered and Sudden Lunchroom'),
(20889, 'Shelf', 'Incompetent and Acrid Shelf'),
(20890, 'Tree', 'Sad and Kind Tree'),
(20891, 'Instrument', 'Kind and Exuberant Instrument'),
(20892, 'Quill', 'Aware and Embarrassed Quill'),
(20893, 'Cows', 'Cute and Old-fashioned Cows'),
(20894, 'Finger', 'Guarded and Dynamic Finger'),
(20895, 'Bead', 'Scattered and Enchanting Bead'),
(20896, 'Growth', 'Lying and Spiteful Growth'),
(20897, 'Kick', 'Cloistered and Embarrassed Kick'),
(20898, 'Wine', 'Wry and Wry Wine'),
(20899, 'Reason', 'Numerous and Volatile Reason'),
(20900, 'Receipt', 'Lying and Scattered Receipt'),
(20901, 'Approval', 'Boring and Adhesive Approval'),
(20902, 'Sleet', 'Oafish and Real Sleet'),
(20903, 'Worm', 'Short and Hurt Worm'),
(20904, 'Iron', 'Prickly and Secret Iron'),
(20905, 'Idea', 'Royal and Volatile Idea'),
(20906, 'Show', 'Numberless and Real Show'),
(20907, 'Pocket', 'Gray and Cluttered Pocket'),
(20908, 'Quill', 'Classy and Humdrum Quill'),
(20909, 'Cannon', 'Changeable and Brief Cannon'),
(20910, 'Approval', 'Guarded and Scattered Approval'),
(20911, 'Shape', 'Few and Soggy Shape'),
(20912, 'Feeling', 'Unique and Infamous Feeling'),
(20913, 'Hose', 'Exuberant and Curved Hose'),
(20914, 'Brass', 'Colossal and Volatile Brass'),
(20915, 'Birthday', 'Terrific and Enchanting Birthday'),
(20916, 'Throat', 'Peaceful and Rotten Throat'),
(20917, 'Cellar', 'Short and Old-fashioned Cellar'),
(20918, 'Front', 'Incompetent and Moldy Front'),
(20919, 'Brass', 'Disastrous and Peaceful Brass'),
(20920, 'Stick', 'Stiff and Few Stick'),
(20921, 'Tendency', 'Rural and Rotten Tendency'),
(20922, 'Gun', 'Unhealthy and Spooky Gun'),
(20923, 'Blow', 'Mighty and Unhealthy Blow'),
(20924, 'Reason', 'Gray and Puny Reason'),
(20925, 'Button', 'Misty and Shaggy Button'),
(20926, 'Idea', 'Rebel and Wild Idea'),
(20927, 'Growth', 'Unhealthy and Rambunctious Growth'),
(20928, 'Theory', 'Sudden and Thundering Theory'),
(20929, 'Sign', 'Puny and Longing Sign'),
(20930, 'Instrument', 'Used and Scattered Instrument'),
(20931, 'Women', 'Cloudy and Mixed Women'),
(20932, 'Badge', 'Misty and Garrulous Badge'),
(20933, 'Show', 'Acrid and Descriptive Show'),
(20934, 'Sign', 'Changeable and Kind Sign'),
(20935, 'Quill', 'Dynamic and Secret Quill'),
(20936, 'Field', 'Sassy and Volatile Field'),
(20937, 'Bubble', 'Moldy and Enchanting Bubble'),
(20938, 'Tendency', 'Garrulous and Misty Tendency'),
(20939, 'Letters', 'Guarded and Oafish Letters'),
(20940, 'Request', 'Rotten and Aloof Request'),
(20941, 'Reason', 'Mixed and Scandalous Reason'),
(20942, 'Reason', 'Mighty and Acrid Reason'),
(20943, 'Measure', 'Lonely and Moldy Measure'),
(20944, 'Birthday', 'Determined and Slim Birthday'),
(20945, 'Measure', 'Moldy and Mellow Measure'),
(20946, 'Feeling', 'Wild and Cloistered Feeling'),
(20947, 'Pipe', 'Cheap and Spooky Pipe'),
(20948, 'Space', 'Acrid and Breezy Space'),
(20949, 'Finger', 'Scattered and Infamous Finger'),
(20950, 'Hose', 'Unique and Colossal Hose'),
(20951, 'Store', 'Cute and Curved Store'),
(20952, 'Snail', 'Numberless and Sore Snail'),
(20953, 'Stick', 'Garrulous and Used Stick'),
(20954, 'Kiss', 'Exuberant and Short Kiss'),
(20955, 'Finger', 'Terrific and Sore Finger'),
(20956, 'Pen', 'Sore and Mighty Pen'),
(20957, 'Receipt', 'Rambunctious and Unique Receipt'),
(20958, 'Question', 'Puny and Oafish Question'),
(20959, 'Wave', 'Old-fashioned and Second-hand Wave'),
(20960, 'Uncle', 'Aloof and Numberless Uncle'),
(20961, 'Letters', 'Unhealthy and Adhesive Letters'),
(20962, 'Field', 'Determined and Slim Field'),
(20963, 'Government', 'Boring and Sore Government'),
(20964, 'Iron', 'Used and Disastrous Iron'),
(20965, 'Worm', 'Mighty and Mature Worm'),
(20966, 'Kick', 'Habitual and Shaggy Kick'),
(20967, 'Uncle', 'Boring and Lying Uncle'),
(20968, 'Oven', 'Stiff and Infamous Oven'),
(20969, 'Receipt', 'Embarrassed and Habitual Receipt'),
(20970, 'Friend', 'Gray and Real Friend'),
(20971, 'Stick', 'Ossified and Loving Stick'),
(20972, 'Control', 'Longing and Weary Control'),
(20973, 'Cakes', 'Decisive and Kind Cakes'),
(20974, 'Sign', 'Sleepy and Colossal Sign'),
(20975, 'Cellar', 'Gray and Rotten Cellar'),
(20976, 'Question', 'Prickly and Faint Question'),
(20977, 'Woman', 'Wry and Decisive Woman'),
(20978, 'Ladybug', 'Difficult and Infamous Ladybug'),
(20979, 'Hot', 'Garrulous and Sad Hot'),
(20980, 'Mitten', 'Infamous and Ossified Mitten'),
(20981, 'Stick', 'Longing and Dynamic Stick'),
(20982, 'Uncle', 'Rural and Cloudy Uncle'),
(20983, 'Hot', 'Cheap and Prickly Hot'),
(20984, 'Button', 'Colossal and Humdrum Button'),
(20985, 'Feeling', 'Numerous and Cheap Feeling'),
(20986, 'Button', 'Faint and Changeable Button'),
(20987, 'Mitten', 'Spooky and Short Mitten'),
(20988, 'Run', 'Stiff and Mighty Run'),
(20989, 'Cellar', 'Brief and Earthy Cellar'),
(20990, 'Hose', 'Hissing and Loving Hose'),
(20991, 'Wine', 'Habitual and Dynamic Wine'),
(20992, 'Tiger', 'Innate and Ossified Tiger'),
(20993, 'Gun', 'Royal and Ossified Gun'),
(20994, 'Finger', 'Numerous and Faint Finger'),
(20995, 'System', 'Precious and Innate System'),
(20996, 'Tendency', 'Sore and Boring Tendency'),
(20997, 'Root', 'Gray and Lonely Root'),
(20998, 'Uncle', 'Moldy and Slim Uncle'),
(20999, 'Meeting', 'Gray and Sassy Meeting'),
(21000, 'Sleet', 'Faint and Curved Sleet'),
(21001, 'Shade', 'Colossal and Short Shade'),
(21002, 'Toe', 'Well-off and Longing Toe'),
(21003, 'Kick', 'Shaggy and Precious Kick'),
(21004, 'Flowers', 'Peaceful and Cheap Flowers'),
(21005, 'Pocket', 'Disastrous and Sad Pocket'),
(21006, 'Wine', 'Determined and Unique Wine'),
(21007, 'Toe', 'Volatile and Ossified Toe'),
(21008, 'Gun', 'Wild and Moldy Gun'),
(21009, 'Temper', 'Numberless and Exuberant Temper'),
(21010, 'Run', 'Temporary and Acrid Run'),
(21011, 'Shape', 'Kind and Cloudy Shape'),
(21012, 'Mitten', 'Rotten and Boring Mitten'),
(21013, 'Hose', 'Mighty and Aloof Hose'),
(21014, 'Record', 'Used and Guarded Record'),
(21015, 'Yak', 'Secret and Innate Yak'),
(21016, 'Growth', 'Determined and Descriptive Growth'),
(21017, 'Government', 'Numberless and Precious Government'),
(21018, 'Debt', 'Cloistered and Aware Debt'),
(21019, 'Snails', 'Automatic and Habitual Snails'),
(21020, 'Snails', 'Short and Substantial Snails'),
(21021, 'Blow', 'Terrific and Gray Blow'),
(21022, 'Flowers', 'Precious and Draconian Flowers'),
(21023, 'Store', 'Adhesive and Rural Store'),
(21024, 'Hour', 'Volatile and Volatile Hour'),
(21025, 'Road', 'Substantial and Automatic Road'),
(21026, 'Pocket', 'Real and Faint Pocket'),
(21027, 'Record', 'Stiff and Soggy Record'),
(21028, 'Pipe', 'Innate and Decisive Pipe'),
(21029, 'Blow', 'Temporary and Exuberant Blow'),
(21030, 'Square', 'Rotten and Like Square'),
(21031, 'Government', 'Sleepy and Sad Government'),
(21032, 'Whistle', 'Substantial and Guarded Whistle'),
(21033, 'Space', 'Mellow and Stormy Space'),
(21034, 'Tree', 'Royal and Nappy Tree'),
(21035, 'Pen', 'Rebel and Enchanting Pen'),
(21036, 'Sign', 'Secret and Incompetent Sign'),
(21037, 'Measure', 'Sleepy and Weary Measure'),
(21038, 'Bite', 'Mellow and Boring Bite'),
(21039, 'Question', 'Old-fashioned and Scandalous Question'),
(21040, 'Question', 'Scandalous and Elfin Question'),
(21041, 'Rub', 'Decisive and Short Rub'),
(21042, 'Quill', 'Moldy and Precious Quill'),
(21043, 'Tree', 'Faint and Descriptive Tree'),
(21044, 'Shape', 'Mature and Numberless Shape'),
(21045, 'Front', 'Cheap and Aware Front'),
(21046, 'Woman', 'Wild and Wry Woman'),
(21047, 'Debt', 'Mature and Adhesive Debt'),
(21048, 'Tiger', 'Garrulous and Stiff Tiger'),
(21049, 'Record', 'Sleepy and Mighty Record'),
(21050, 'Button', 'Draconian and Elfin Button'),
(21051, 'Yak', 'Loving and Numberless Yak'),
(21052, 'Run', 'Cluttered and Loving Run'),
(21053, 'Ink', 'Sore and Well-off Ink'),
(21054, 'Worm', 'Shaggy and Unique Worm'),
(21055, 'Poison', 'Humdrum and Mellow Poison'),
(21056, 'Temper', 'Determined and Sad Temper'),
(21057, 'Yak', 'Colossal and Garrulous Yak'),
(21058, 'Bead', 'Peaceful and Descriptive Bead'),
(21059, 'Quill', 'Ossified and Automatic Quill'),
(21060, 'Worm', 'Thundering and Lonely Worm'),
(21061, 'Receipt', 'Cloudy and Soggy Receipt'),
(21062, 'Brass', 'Cloudy and Hurt Brass'),
(21063, 'Approval', 'Loving and Well-off Approval'),
(21064, 'Quill', 'Stiff and Aware Quill'),
(21065, 'Receipt', 'Misty and Colossal Receipt'),
(21066, 'Sleet', 'Exuberant and Faint Sleet'),
(21067, 'Picture', 'Royal and Real Picture'),
(21068, 'Pen', 'Prickly and Dynamic Pen'),
(21069, 'Kiss', 'Few and Numberless Kiss'),
(21070, 'Cakes', 'Guarded and Spooky Cakes'),
(21071, 'Stick', 'Slim and Garrulous Stick'),
(21072, 'Sign', 'Garrulous and Used Sign'),
(21073, 'Tiger', 'Scattered and Innate Tiger'),
(21074, 'Wave', 'Nappy and Misty Wave'),
(21075, 'Kiss', 'Numberless and Moldy Kiss'),
(21076, 'Worm', 'Incompetent and Kind Worm'),
(21077, 'Wave', 'Unique and Colossal Wave'),
(21078, 'Record', 'Elfin and Gray Record'),
(21079, 'Ladybug', 'Puny and Incompetent Ladybug'),
(21080, 'Gun', 'Sad and Gray Gun'),
(21081, 'Stick', 'Rambunctious and Draconian Stick'),
(21082, 'Toe', 'Colossal and Enchanting Toe'),
(21083, 'Cows', 'Ossified and Cloudy Cows'),
(21084, 'Cakes', 'Cute and Abrasive Cakes'),
(21085, 'Shade', 'Infamous and Elfin Shade'),
(21086, 'Toe', 'Sudden and Cloistered Toe'),
(21087, 'Kick', 'Colossal and Mighty Kick'),
(21088, 'Ink', 'Abrasive and Temporary Ink'),
(21089, 'Quill', 'Habitual and Humdrum Quill'),
(21090, 'Whistle', 'Elfin and Classy Whistle'),
(21091, 'Tendency', 'Weary and Classy Tendency'),
(21092, 'Ink', 'Enchanting and Rebel Ink'),
(21093, 'Flowers', 'Numberless and Scandalous Flowers'),
(21094, 'Tiger', 'Volatile and Peaceful Tiger'),
(21095, 'Space', 'Sleepy and Secret Space'),
(21096, 'Rub', 'Soggy and Embarrassed Rub'),
(21097, 'Record', 'Moldy and Descriptive Record'),
(21098, 'Finger', 'Longing and Dynamic Finger'),
(21099, 'Apparel', 'Cheap and Ossified Apparel'),
(21100, 'Cows', 'Unhealthy and Slim Cows'),
(21101, 'Receipt', 'Wild and Scandalous Receipt'),
(21102, 'Hose', 'Hissing and Curved Hose'),
(21103, 'Receipt', 'Short and Unhealthy Receipt'),
(21104, 'Kiss', 'Enchanting and Disastrous Kiss'),
(21105, 'Government', 'Classy and Disastrous Government'),
(21106, 'Badge', 'Difficult and Decisive Badge'),
(21107, 'Reason', 'Incompetent and Exuberant Reason'),
(21108, 'Run', 'Thundering and Sassy Run'),
(21109, 'Friend', 'Cloistered and Rebel Friend'),
(21110, 'Tree', 'Spiteful and Wry Tree'),
(21111, 'Rub', 'Well-off and Nappy Rub'),
(21112, 'Cream', 'Kind and Rural Cream'),
(21113, 'Picture', 'Rural and Hissing Picture'),
(21114, 'Receipt', 'Cluttered and Mature Receipt'),
(21115, 'Kiss', 'Second-hand and Like Kiss'),
(21116, 'Bead', 'Cute and Humdrum Bead'),
(21117, 'Theory', 'Embarrassed and Spiteful Theory'),
(21118, 'Steel', 'Adhesive and Mighty Steel'),
(21119, 'Zephyr', 'Sassy and Lying Zephyr'),
(21120, 'Button', 'Rural and Longing Button'),
(21121, 'Road', 'Temporary and Prickly Road'),
(21122, 'Shade', 'Innate and Automatic Shade'),
(21123, 'Shelf', 'Humdrum and Sore Shelf'),
(21124, 'Fish', 'Like and Misty Fish'),
(21125, 'Reason', 'Guarded and Rebel Reason'),
(21126, 'Cows', 'Innate and Few Cows'),
(21127, 'Request', 'Old-fashioned and Disastrous Request'),
(21128, 'Bead', 'Like and Secret Bead'),
(21129, 'Sign', 'Embarrassed and Oafish Sign'),
(21130, 'Ink', 'Peaceful and Elfin Ink'),
(21131, 'Receipt', 'Jittery and Infamous Receipt'),
(21132, 'Wave', 'Difficult and Mighty Wave'),
(21133, 'Yak', 'Few and Guarded Yak'),
(21134, 'Fish', 'Moldy and Substantial Fish'),
(21135, 'Show', 'Soggy and Cloudy Show'),
(21136, 'Wine', 'Longing and Determined Wine'),
(21137, 'Measure', 'Breezy and Sad Measure'),
(21138, 'Tendency', 'Used and Cluttered Tendency'),
(21139, 'Fog', 'Exuberant and Peaceful Fog'),
(21140, 'Lunchroom', 'Sore and Oafish Lunchroom'),
(21141, 'Toe', 'Brief and Used Toe'),
(21142, 'Toe', 'Cloudy and Volatile Toe'),
(21143, 'Square', 'Guarded and Cute Square'),
(21144, 'Steel', 'Aloof and Rambunctious Steel'),
(21145, 'Shape', 'Habitual and Incompetent Shape'),
(21146, 'Growth', 'Kind and Guarded Growth'),
(21147, 'Brass', 'Aware and Real Brass'),
(21148, 'Shade', 'Scattered and Scandalous Shade'),
(21149, 'Control', 'Difficult and Abrasive Control'),
(21150, 'Finger', 'Moldy and Cloudy Finger'),
(21151, 'Field', 'Curved and Cloistered Field'),
(21152, 'Bite', 'Scandalous and Sudden Bite'),
(21153, 'Field', 'Cluttered and Volatile Field'),
(21154, 'Scissors', 'Like and Sleepy Scissors'),
(21155, 'Hope', 'Spiteful and Cloudy Hope'),
(21156, 'Government', 'Loving and Real Government'),
(21157, 'Quill', 'Sudden and Sudden Quill'),
(21158, 'Wave', 'Mighty and Substantial Wave'),
(21159, 'Iron', 'Puny and Well-off Iron'),
(21160, 'Cellar', 'Scandalous and Kind Cellar'),
(21161, 'Sleet', 'Substantial and Misty Sleet'),
(21162, 'Poison', 'Temporary and Difficult Poison'),
(21163, 'Question', 'Temporary and Nappy Question'),
(21164, 'Ladybug', 'Garrulous and Few Ladybug'),
(21165, 'Uncle', 'Spooky and Acrid Uncle'),
(21166, 'Birthday', 'Like and Terrific Birthday'),
(21167, 'Shade', 'Wild and Kind Shade'),
(21168, 'Request', 'Innate and Moldy Request'),
(21169, 'Cream', 'Thundering and Prickly Cream'),
(21170, 'Receipt', 'Sleepy and Oafish Receipt'),
(21171, 'Hope', 'Decisive and Used Hope'),
(21172, 'Approval', 'Loving and Substantial Approval'),
(21173, 'Measure', 'Spiteful and Aware Measure'),
(21174, 'Request', 'Classy and Old-fashioned Request'),
(21175, 'Space', 'Peaceful and Sad Space'),
(21176, 'Approval', 'Nappy and Gray Approval'),
(21177, 'Blow', 'Wild and Unique Blow'),
(21178, 'Shelf', 'Breezy and Mellow Shelf'),
(21179, 'Woman', 'Volatile and Earthy Woman'),
(21180, 'Badge', 'Oafish and Numerous Badge'),
(21181, 'Bubble', 'Cluttered and Misty Bubble'),
(21182, 'Fish', 'Mighty and Curved Fish'),
(21183, 'Steel', 'Mature and Aloof Steel'),
(21184, 'Snail', 'Gray and Dynamic Snail'),
(21185, 'Toe', 'Unique and Draconian Toe'),
(21186, 'Pipe', 'Cute and Draconian Pipe'),
(21187, 'Yak', 'Humdrum and Scandalous Yak'),
(21188, 'Receipt', 'Enchanting and Cluttered Receipt'),
(21189, 'Root', 'Hurt and Innate Root'),
(21190, 'Flowers', 'Aloof and Acrid Flowers'),
(21191, 'Poison', 'Difficult and Descriptive Poison'),
(21192, 'Shelf', 'Mellow and Automatic Shelf'),
(21193, 'Blow', 'Acrid and Shaggy Blow'),
(21194, 'Cream', 'Innate and Boring Cream'),
(21195, 'Quill', 'Numerous and Wild Quill'),
(21196, 'Bubble', 'Rambunctious and Numerous Bubble'),
(21197, 'Store', 'Wry and Loving Store'),
(21198, 'Field', 'Dynamic and Boring Field'),
(21199, 'Pipe', 'Colossal and Disastrous Pipe'),
(21200, 'Bubble', 'Disastrous and Oafish Bubble'),
(21201, 'Hot', 'Elfin and Real Hot'),
(21202, 'Kick', 'Aware and Dynamic Kick'),
(21203, 'Scissors', 'Scandalous and Hurt Scissors'),
(21204, 'Show', 'Prickly and Aware Show'),
(21205, 'Kiss', 'Unhealthy and Few Kiss'),
(21206, 'Milk', 'Jittery and Moldy Milk'),
(21207, 'Instrument', 'Weary and Stormy Instrument'),
(21208, 'Theory', 'Colossal and Substantial Theory'),
(21209, 'Pipe', 'Mellow and Curved Pipe'),
(21210, 'Meeting', 'Old-fashioned and Oafish Meeting'),
(21211, 'Cream', 'Cloistered and Exuberant Cream'),
(21212, 'Front', 'Used and Hurt Front'),
(21213, 'Pocket', 'Rural and Incompetent Pocket'),
(21214, 'Woman', 'Shaggy and Secret Woman'),
(21215, 'Wine', 'Shaggy and Numerous Wine'),
(21216, 'Cows', 'Humdrum and Short Cows'),
(21217, 'Meeting', 'Dynamic and Scandalous Meeting'),
(21218, 'Ink', 'Classy and Habitual Ink'),
(21219, 'Flowers', 'Slim and Aware Flowers'),
(21220, 'Flowers', 'Spiteful and Substantial Flowers'),
(21221, 'Receipt', 'Cute and Rambunctious Receipt'),
(21222, 'Mitten', 'Royal and Thundering Mitten'),
(21223, 'Government', 'Faint and Infamous Government'),
(21224, 'Yak', 'Numerous and Terrific Yak'),
(21225, 'Cows', 'Lying and Shaggy Cows'),
(21226, 'Pocket', 'Loving and Old-fashioned Pocket'),
(21227, 'Control', 'Shaggy and Cloistered Control'),
(21228, 'Hope', 'Abrasive and Lying Hope'),
(21229, 'Shade', 'Soggy and Mature Shade'),
(21230, 'Blow', 'Numerous and Nappy Blow'),
(21231, 'Kick', 'Slim and Loving Kick'),
(21232, 'Pocket', 'Used and Longing Pocket'),
(21233, 'Space', 'Misty and Rambunctious Space'),
(21234, 'Rub', 'Precious and Spooky Rub'),
(21235, 'Finger', 'Boring and Unhealthy Finger'),
(21236, 'Feeling', 'Sassy and Embarrassed Feeling'),
(21237, 'Letters', 'Cluttered and Cute Letters'),
(21238, 'Uncle', 'Well-off and Innate Uncle'),
(21239, 'Zephyr', 'Cloudy and Stiff Zephyr'),
(21240, 'Bite', 'Mellow and Descriptive Bite'),
(21241, 'Place', 'Exuberant and Soggy Place'),
(21242, 'Notebook', 'Old-fashioned and Cluttered Notebook'),
(21243, 'Ladybug', 'Difficult and Classy Ladybug'),
(21244, 'Place', 'Used and Loving Place'),
(21245, 'Idea', 'Sore and Royal Idea'),
(21246, 'Pen', 'Moldy and Longing Pen'),
(21247, 'Letters', 'Boring and Aware Letters'),
(21248, 'Tiger', 'Cluttered and Shaggy Tiger'),
(21249, 'System', 'Mixed and Short System'),
(21250, 'Uncle', 'Loving and Volatile Uncle'),
(21251, 'Blow', 'Jittery and Curved Blow'),
(21252, 'Kiss', 'Mellow and Wry Kiss'),
(21253, 'Button', 'Numberless and Unhealthy Button'),
(21254, 'Sleet', 'Sleepy and Misty Sleet'),
(21255, 'Worm', 'Cute and Mellow Worm'),
(21256, 'Cakes', 'Hurt and Curved Cakes'),
(21257, 'Wine', 'Lying and Real Wine'),
(21258, 'Root', 'Royal and Peaceful Root'),
(21259, 'Question', 'Sudden and Temporary Question'),
(21260, 'Sign', 'Classy and Guarded Sign'),
(21261, 'Bead', 'Lonely and Precious Bead'),
(21262, 'Hose', 'Loving and Difficult Hose'),
(21263, 'Shelf', 'Abrasive and Cloistered Shelf'),
(21264, 'Lunchroom', 'Hurt and Faint Lunchroom'),
(21265, 'Cows', 'Sad and Cloudy Cows'),
(21266, 'Feeling', 'Aloof and Infamous Feeling'),
(21267, 'Sign', 'Colossal and Earthy Sign'),
(21268, 'Meeting', 'Embarrassed and Second-hand Meeting'),
(21269, 'Reason', 'Unique and Habitual Reason'),
(21270, 'Uncle', 'Kind and Slim Uncle'),
(21271, 'Friend', 'Innate and Determined Friend'),
(21272, 'Cakes', 'Numberless and Like Cakes'),
(21273, 'Appliance', 'Automatic and Secret Appliance'),
(21274, 'Pen', 'Changeable and Moldy Pen'),
(21275, 'Finger', 'Cloudy and Difficult Finger'),
(21276, 'Steel', 'Rambunctious and Acrid Steel'),
(21277, 'Whistle', 'Breezy and Automatic Whistle'),
(21278, 'Yak', 'Ossified and Descriptive Yak'),
(21279, 'Hour', 'Rotten and Shaggy Hour'),
(21280, 'Road', 'Innate and Scattered Road'),
(21281, 'Scissors', 'Mellow and Moldy Scissors'),
(21282, 'Field', 'Faint and Enchanting Field'),
(21283, 'Poison', 'Cute and Gray Poison'),
(21284, 'Chalk', 'Spiteful and Changeable Chalk'),
(21285, 'Rub', 'Draconian and Rebel Rub'),
(21286, 'Hope', 'Peaceful and Numerous Hope'),
(99984, '2', ''),
(99983, '1', ''),
(99982, 'dfsdfd', ''),
(99981, 'ss', ''),
(21292, 'Sign', 'Brief and Wry Sign'),
(21293, 'Record', 'Mighty and Elfin Record'),
(21294, 'Theory', 'Jittery and Misty Theory'),
(21295, 'Toe', 'Embarrassed and Precious Toe'),
(21296, 'Apparel', 'Temporary and Draconian Apparel'),
(21297, 'Pen', 'Cloistered and Hissing Pen'),
(21298, 'Request', 'Old-fashioned and Aware Request'),
(21299, 'Birthday', 'Colossal and Wild Birthday'),
(21300, 'Zephyr', 'Rotten and Humdrum Zephyr'),
(21301, 'Knot', 'Curved and Unhealthy Knot'),
(21302, 'Cream', 'Infamous and Disastrous Cream'),
(21303, 'Chalk', 'Disastrous and Numberless Chalk'),
(21304, 'Women', 'Draconian and Substantial Women'),
(21305, 'Knot', 'Cloudy and Earthy Knot'),
(21306, 'Pocket', 'Rambunctious and Slim Pocket'),
(21307, 'Square', 'Aware and Thundering Square'),
(21308, 'Hope', 'Adhesive and Sore Hope'),
(21309, 'Tiger', 'Secret and Substantial Tiger'),
(21310, 'Request', 'Substantial and Unhealthy Request'),
(21311, 'Theory', 'Scandalous and Used Theory'),
(21312, 'Approval', 'Scattered and Thundering Approval'),
(21313, 'Shelf', 'Scattered and Rambunctious Shelf'),
(21314, 'Bead', 'Short and Determined Bead'),
(21315, 'Tiger', 'Puny and Dynamic Tiger'),
(21316, 'Iron', 'Wild and Kind Iron'),
(21317, 'Blow', 'Puny and Misty Blow'),
(21318, 'Birthday', 'Rebel and Incompetent Birthday'),
(21319, 'Yak', 'Colossal and Embarrassed Yak'),
(21320, 'Ice', 'Few and Sassy Ice'),
(21321, 'Hose', 'Elfin and Infamous Hose'),
(21322, 'Rub', 'Sad and Automatic Rub'),
(21323, 'Store', 'Difficult and Slim Store'),
(21324, 'Root', 'Disastrous and Mixed Root'),
(21325, 'Snail', 'Longing and Sad Snail'),
(21326, 'Road', 'Soggy and Moldy Road'),
(21327, 'Chalk', 'Mighty and Sleepy Chalk'),
(21328, 'Ladybug', 'Disastrous and Cloistered Ladybug'),
(21329, 'Wine', 'Lying and Innate Wine'),
(21330, 'Throat', 'Rambunctious and Unique Throat'),
(21331, 'Blow', 'Kind and Earthy Blow'),
(99883, 'Option 3', 'Option Desc 3'),
(99881, 'Option 1', 'Option Desc 1'),
(99882, 'Option 2', 'Option Desc 2'),
(99884, 'o1', 'dddd'),
(99885, 'o1', 'dddd'),
(99886, 'o1', 'dddd'),
(99887, 'o1', 'dddd'),
(99888, 'o1', 'dddd'),
(99889, '02', 'eeee'),
(99890, '(\n    aberdeen,\n', ''),
(99891, '(\n    o1,\n    o3', ''),
(99892, '(\n    o1,\n    o3', ''),
(99893, '(\n    o1,\n    o3', ''),
(99894, '(\n    fadsf,\n   ', ''),
(99895, '(\n    fadsf,\n   ', ''),
(99896, '(\n    fadsf,\n   ', ''),
(99897, '(\n    ttt,\n    g', ''),
(99898, '(\n    ttt,\n    g', ''),
(99899, '(\n    ttt,\n    g', ''),
(99900, '(\n    dd,\n    dd', ''),
(99901, '(\n    dd,\n    dd', ''),
(99902, '(\n    dd,\n    dd', ''),
(99903, 'q', ''),
(99904, 'w', ''),
(99905, 'e', ''),
(99906, 'o1', 'dddd'),
(99907, '02', 'eeee'),
(99908, 'bb', ''),
(99909, 'cc', ''),
(99910, 'dd', ''),
(99911, 'A', 'AB'),
(99912, 'C', 'CD'),
(99913, 'A', 'AB'),
(99914, 'C', 'CD'),
(99915, 'sdfasdf', ''),
(99916, 'dsfasdfads', ''),
(99917, 'fasdfasdfas', ''),
(99918, 'dasDA', ''),
(99919, 'dsadas', ''),
(99920, 'DASd', ''),
(99921, '1231231', ''),
(99922, '231231', ''),
(99923, '23123', ''),
(99924, 'hdgfhd', ''),
(99925, 'hdfghdfghdfghdfg', ''),
(99926, '(\n)', ''),
(99975, 'dd', ''),
(99976, 'd', ''),
(99977, 'dd', ''),
(99978, 'dsdsds', ''),
(99979, 'sds', ''),
(99980, 'ss', ''),
(99974, 'ddd', ''),
(99973, 'dasdasdas', ''),
(99971, 'taxi to tsuen wa', ''),
(99970, 'start from tai p', '');

-- --------------------------------------------------------

--
-- 表的結構 `tbl_option_user`
--

CREATE TABLE IF NOT EXISTS `tbl_option_user` (
  `option_id` int(11) NOT NULL,
  `user_id` int(11) NOT NULL,
  `create_at` timestamp NOT NULL DEFAULT CURRENT_TIMESTAMP ON UPDATE CURRENT_TIMESTAMP,
  PRIMARY KEY (`option_id`,`user_id`)
) ENGINE=MyISAM DEFAULT CHARSET=utf8 COLLATE=utf8_unicode_ci;

--
-- 轉存資料表中的資料 `tbl_option_user`
--

INSERT INTO `tbl_option_user` (`option_id`, `user_id`, `create_at`) VALUES
(20834, 55871, '2013-10-28 18:32:48'),
(20834, 56023, '2013-10-28 18:32:48'),
(20839, 55794, '2013-10-28 18:32:48'),
(20836, 55831, '2013-10-28 18:32:48'),
(20837, 55831, '2013-10-28 18:32:48'),
(20838, 55831, '2013-10-28 18:32:48'),
(20839, 55831, '2013-10-28 18:32:48'),
(20836, 55850, '2013-10-28 18:32:48'),
(20838, 55850, '2013-10-28 18:32:48'),
(20839, 55881, '2013-10-28 18:32:48'),
(20839, 55928, '2013-10-28 18:32:48'),
(20841, 55832, '2013-10-28 18:32:48'),
(20842, 55832, '2013-10-28 18:32:48'),
(20843, 55832, '2013-10-28 18:32:48'),
(20844, 55832, '2013-10-28 18:32:48'),
(20841, 55904, '2013-10-28 18:32:48'),
(20843, 55904, '2013-10-28 18:32:48'),
(20842, 55931, '2013-10-28 18:32:48'),
(20843, 55931, '2013-10-28 18:32:48'),
(20842, 55951, '2013-10-28 18:32:48'),
(20844, 55951, '2013-10-28 18:32:48'),
(20846, 55774, '2013-10-28 18:32:48'),
(20847, 55774, '2013-10-28 18:32:48'),
(20848, 55774, '2013-10-28 18:32:48'),
(20849, 55774, '2013-10-28 18:32:48'),
(20850, 55774, '2013-10-28 18:32:48'),
(20847, 55916, '2013-10-28 18:32:48'),
(20850, 55916, '2013-10-28 18:32:48'),
(20852, 55947, '2013-10-28 18:32:48'),
(20853, 55947, '2013-10-28 18:32:48'),
(20854, 55947, '2013-10-28 18:32:48'),
(20855, 55947, '2013-10-28 18:32:48'),
(20856, 55947, '2013-10-28 18:32:48'),
(20857, 55947, '2013-10-28 18:32:48'),
(20858, 55947, '2013-10-28 18:32:48'),
(20860, 55837, '2013-10-28 18:32:48'),
(20861, 55837, '2013-10-28 18:32:48'),
(20862, 55837, '2013-10-28 18:32:48'),
(20860, 55886, '2013-10-28 18:32:48'),
(20861, 55886, '2013-10-28 18:32:48'),
(20862, 55886, '2013-10-28 18:32:48'),
(20864, 55844, '2013-10-28 18:32:48'),
(20864, 55846, '2013-10-28 18:32:48'),
(20866, 55947, '2013-10-28 18:32:48'),
(20867, 55947, '2013-10-28 18:32:48'),
(20869, 55787, '2013-10-28 18:32:48'),
(20870, 55787, '2013-10-28 18:32:48'),
(20871, 55787, '2013-10-28 18:32:48'),
(20872, 55787, '2013-10-28 18:32:48'),
(20875, 55819, '2013-10-28 18:32:48'),
(20877, 55819, '2013-10-28 18:32:48'),
(20876, 55884, '2013-10-28 18:32:48'),
(20896, 55785, '2013-10-28 18:32:48'),
(20897, 55785, '2013-10-28 18:32:48'),
(20898, 55785, '2013-10-28 18:32:48'),
(20899, 55785, '2013-10-28 18:32:48'),
(20896, 55803, '2013-10-28 18:32:48'),
(20897, 55803, '2013-10-28 18:32:48'),
(20898, 55803, '2013-10-28 18:32:48'),
(20899, 55803, '2013-10-28 18:32:48'),
(20896, 55836, '2013-10-28 18:32:48'),
(20898, 55836, '2013-10-28 18:32:48'),
(20897, 55852, '2013-10-28 18:32:48'),
(20899, 55852, '2013-10-28 18:32:48'),
(20897, 55870, '2013-10-28 18:32:48'),
(20898, 55870, '2013-10-28 18:32:48'),
(20897, 55876, '2013-10-28 18:32:48'),
(20898, 55876, '2013-10-28 18:32:48'),
(20896, 55885, '2013-10-28 18:32:48'),
(20898, 55885, '2013-10-28 18:32:48'),
(20899, 55885, '2013-10-28 18:32:48'),
(20897, 55905, '2013-10-28 18:32:48'),
(20902, 55796, '2013-10-28 18:32:48'),
(20904, 55796, '2013-10-28 18:32:48'),
(20901, 55840, '2013-10-28 18:32:48'),
(20903, 55840, '2013-10-28 18:32:48'),
(20904, 55840, '2013-10-28 18:32:48'),
(20902, 55945, '2013-10-28 18:32:48'),
(20903, 55945, '2013-10-28 18:32:48'),
(20902, 55949, '2013-10-28 18:32:48'),
(20903, 55949, '2013-10-28 18:32:48'),
(20906, 55800, '2013-10-28 18:32:48'),
(20909, 55816, '2013-10-28 18:32:48'),
(20911, 55816, '2013-10-28 18:32:48'),
(20912, 55816, '2013-10-28 18:32:48'),
(20909, 55839, '2013-10-28 18:32:48'),
(20911, 55839, '2013-10-28 18:32:48'),
(20909, 55865, '2013-10-28 18:32:48'),
(20910, 55865, '2013-10-28 18:32:48'),
(20912, 55865, '2013-10-28 18:32:48'),
(20908, 55880, '2013-10-28 18:32:48'),
(20909, 55880, '2013-10-28 18:32:48'),
(20910, 55880, '2013-10-28 18:32:48'),
(20909, 55883, '2013-10-28 18:32:48'),
(20910, 55883, '2013-10-28 18:32:48'),
(20911, 55883, '2013-10-28 18:32:48'),
(20908, 55908, '2013-10-28 18:32:48'),
(20914, 55847, '2013-10-28 18:32:48'),
(20915, 55847, '2013-10-28 18:32:48'),
(20916, 55847, '2013-10-28 18:32:48'),
(20917, 55847, '2013-10-28 18:32:48'),
(20918, 55847, '2013-10-28 18:32:48'),
(20919, 55847, '2013-10-28 18:32:48'),
(20920, 55847, '2013-10-28 18:32:48'),
(20915, 55909, '2013-10-28 18:32:48'),
(20918, 55909, '2013-10-28 18:32:48'),
(20919, 55909, '2013-10-28 18:32:48'),
(20922, 55793, '2013-10-28 18:32:48'),
(20925, 55797, '2013-10-28 18:32:48'),
(20927, 55797, '2013-10-28 18:32:48'),
(20924, 55953, '2013-10-28 18:32:48'),
(20926, 55953, '2013-10-28 18:32:48'),
(20927, 55953, '2013-10-28 18:32:48'),
(20934, 55750, '2013-10-28 18:32:48'),
(20934, 55800, '2013-10-28 18:32:48'),
(20935, 55800, '2013-10-28 18:32:48'),
(20936, 55800, '2013-10-28 18:32:48'),
(20937, 55800, '2013-10-28 18:32:48'),
(20935, 55870, '2013-10-28 18:32:48'),
(20936, 55870, '2013-10-28 18:32:48'),
(20937, 55870, '2013-10-28 18:32:48'),
(20939, 55932, '2013-10-28 18:32:48'),
(20946, 55781, '2013-10-28 18:32:48'),
(20947, 55781, '2013-10-28 18:32:48'),
(20948, 55781, '2013-10-28 18:32:48'),
(20949, 55781, '2013-10-28 18:32:48'),
(20946, 55803, '2013-10-28 18:32:48'),
(20947, 55803, '2013-10-28 18:32:48'),
(20948, 55803, '2013-10-28 18:32:48'),
(20949, 55803, '2013-10-28 18:32:48'),
(20947, 55837, '2013-10-28 18:32:48'),
(20948, 55837, '2013-10-28 18:32:48'),
(20947, 55854, '2013-10-28 18:32:48'),
(20946, 55911, '2013-10-28 18:32:48'),
(20947, 55911, '2013-10-28 18:32:48'),
(20947, 56058, '2013-10-28 18:32:48'),
(20949, 56058, '2013-10-28 18:32:48'),
(20951, 55821, '2013-10-28 18:32:48'),
(20952, 55821, '2013-10-28 18:32:48'),
(20951, 55925, '2013-10-28 18:32:48'),
(20952, 55925, '2013-10-28 18:32:48'),
(20953, 55925, '2013-10-28 18:32:48'),
(20954, 55925, '2013-10-28 18:32:48'),
(20952, 56032, '2013-10-28 18:32:48'),
(20954, 56032, '2013-10-28 18:32:48'),
(20951, 56071, '2013-10-28 18:32:48'),
(20952, 56071, '2013-10-28 18:32:48'),
(20954, 56071, '2013-10-28 18:32:48'),
(20959, 55746, '2013-10-28 18:32:48'),
(20960, 55746, '2013-10-28 18:32:48'),
(20961, 55746, '2013-10-28 18:32:48'),
(20959, 55772, '2013-10-28 18:32:48'),
(20960, 55772, '2013-10-28 18:32:48'),
(20959, 55822, '2013-10-28 18:32:48'),
(20960, 55822, '2013-10-28 18:32:48'),
(20961, 55822, '2013-10-28 18:32:48'),
(20960, 55858, '2013-10-28 18:32:48'),
(20962, 55858, '2013-10-28 18:32:48'),
(20963, 55858, '2013-10-28 18:32:48'),
(20959, 56099, '2013-10-28 18:32:48'),
(20960, 56099, '2013-10-28 18:32:48'),
(20989, 55895, '2013-10-28 18:32:48'),
(20991, 55895, '2013-10-28 18:32:48'),
(20988, 55952, '2013-10-28 18:32:48'),
(20989, 55952, '2013-10-28 18:32:48'),
(20990, 55952, '2013-10-28 18:32:48'),
(20991, 55952, '2013-10-28 18:32:48'),
(20992, 55952, '2013-10-28 18:32:48'),
(21004, 55741, '2013-10-28 18:32:48'),
(21005, 55741, '2013-10-28 18:32:48'),
(21005, 55796, '2013-10-28 18:32:48'),
(21004, 55810, '2013-10-28 18:32:48'),
(21005, 55810, '2013-10-28 18:32:48'),
(21006, 55810, '2013-10-28 18:32:48'),
(21007, 55810, '2013-10-28 18:32:48'),
(21004, 55850, '2013-10-28 18:32:48'),
(21005, 55850, '2013-10-28 18:32:48'),
(21006, 55850, '2013-10-28 18:32:48'),
(21004, 55863, '2013-10-28 18:32:48'),
(21006, 55863, '2013-10-28 18:32:48'),
(21007, 55880, '2013-10-28 18:32:48'),
(21012, 55783, '2013-10-28 18:32:48'),
(21009, 55794, '2013-10-28 18:32:48'),
(21011, 55794, '2013-10-28 18:32:48'),
(21012, 55794, '2013-10-28 18:32:48'),
(21013, 55794, '2013-10-28 18:32:48'),
(21015, 55794, '2013-10-28 18:32:48'),
(21009, 55809, '2013-10-28 18:32:48'),
(21010, 55809, '2013-10-28 18:32:48'),
(21011, 55809, '2013-10-28 18:32:48'),
(21012, 55809, '2013-10-28 18:32:48'),
(21013, 55809, '2013-10-28 18:32:48'),
(21014, 55809, '2013-10-28 18:32:48'),
(21015, 55809, '2013-10-28 18:32:48'),
(21011, 55837, '2013-10-28 18:32:48'),
(21014, 55837, '2013-10-28 18:32:48'),
(21009, 55856, '2013-10-28 18:32:48'),
(21010, 55856, '2013-10-28 18:32:48'),
(21011, 55856, '2013-10-28 18:32:48'),
(21012, 55856, '2013-10-28 18:32:48'),
(21013, 55856, '2013-10-28 18:32:48'),
(21014, 55856, '2013-10-28 18:32:48'),
(21009, 55867, '2013-10-28 18:32:48'),
(21010, 55867, '2013-10-28 18:32:48'),
(21011, 55867, '2013-10-28 18:32:48'),
(21012, 55867, '2013-10-28 18:32:48'),
(21013, 55867, '2013-10-28 18:32:48'),
(21014, 55867, '2013-10-28 18:32:48'),
(21015, 55867, '2013-10-28 18:32:48'),
(21017, 55919, '2013-10-28 18:32:48'),
(21019, 55919, '2013-10-28 18:32:48'),
(21017, 55948, '2013-10-28 18:32:48'),
(21018, 55948, '2013-10-28 18:32:48'),
(21019, 56111, '2013-10-28 18:32:48'),
(21020, 56111, '2013-10-28 18:32:48'),
(21023, 55801, '2013-10-28 18:32:48'),
(21024, 55801, '2013-10-28 18:32:48'),
(21025, 55801, '2013-10-28 18:32:48'),
(21026, 55801, '2013-10-28 18:32:48'),
(21027, 55801, '2013-10-28 18:32:48'),
(21027, 55845, '2013-10-28 18:32:48'),
(21024, 55903, '2013-10-28 18:32:48'),
(21026, 55903, '2013-10-28 18:32:48'),
(21023, 55937, '2013-10-28 18:32:48'),
(21024, 55937, '2013-10-28 18:32:48'),
(21025, 55937, '2013-10-28 18:32:48'),
(21026, 55937, '2013-10-28 18:32:48'),
(21027, 55937, '2013-10-28 18:32:48'),
(21030, 55975, '2013-10-28 18:32:48'),
(21031, 55975, '2013-10-28 18:32:48'),
(21032, 55975, '2013-10-28 18:32:48'),
(21029, 56114, '2013-10-28 18:32:48'),
(21030, 56114, '2013-10-28 18:32:48'),
(21031, 56114, '2013-10-28 18:32:48'),
(21032, 56114, '2013-10-28 18:32:48'),
(21033, 56114, '2013-10-28 18:32:48'),
(21035, 55756, '2013-10-28 18:32:48'),
(21036, 55756, '2013-10-28 18:32:48'),
(21037, 55756, '2013-10-28 18:32:48'),
(21038, 55756, '2013-10-28 18:32:48'),
(21039, 55756, '2013-10-28 18:32:48'),
(21040, 55756, '2013-10-28 18:32:48'),
(21035, 55781, '2013-10-28 18:32:48'),
(21036, 55781, '2013-10-28 18:32:48'),
(21037, 55781, '2013-10-28 18:32:48'),
(21038, 55781, '2013-10-28 18:32:48'),
(21039, 55781, '2013-10-28 18:32:48'),
(21041, 55934, '2014-04-24 15:09:03'),
(21043, 55886, '2013-10-28 18:32:48'),
(21044, 55886, '2013-10-28 18:32:48'),
(21045, 55886, '2013-10-28 18:32:48'),
(21046, 55886, '2013-10-28 18:32:48'),
(21042, 56027, '2013-10-28 18:32:48'),
(21043, 56027, '2013-10-28 18:32:48'),
(21044, 56027, '2013-10-28 18:32:48'),
(21045, 56027, '2013-10-28 18:32:48'),
(21048, 55812, '2013-10-28 18:32:48'),
(21049, 55812, '2013-10-28 18:32:48'),
(21050, 55812, '2013-10-28 18:32:48'),
(21051, 55812, '2013-10-28 18:32:48'),
(21052, 55812, '2013-10-28 18:32:48'),
(21053, 55812, '2013-10-28 18:32:48'),
(21049, 55866, '2013-10-28 18:32:48'),
(21051, 55866, '2013-10-28 18:32:48'),
(21053, 55866, '2013-10-28 18:32:48'),
(21048, 55915, '2013-10-28 18:32:48'),
(21049, 55915, '2013-10-28 18:32:48'),
(21050, 55915, '2013-10-28 18:32:48'),
(21051, 55915, '2013-10-28 18:32:48'),
(21052, 55915, '2013-10-28 18:32:48'),
(21048, 55958, '2013-10-28 18:32:48'),
(21049, 55958, '2013-10-28 18:32:48'),
(21050, 55958, '2013-10-28 18:32:48'),
(21051, 55958, '2013-10-28 18:32:48'),
(21052, 55958, '2013-10-28 18:32:48'),
(21050, 56052, '2013-10-28 18:32:48'),
(21051, 56052, '2013-10-28 18:32:48'),
(21056, 55800, '2013-10-28 18:32:48'),
(21058, 55800, '2013-10-28 18:32:48'),
(21059, 55800, '2013-10-28 18:32:48'),
(21060, 55800, '2013-10-28 18:32:48'),
(21061, 55894, '2013-10-28 18:32:48'),
(21057, 55921, '2013-10-28 18:32:48'),
(21058, 55921, '2013-10-28 18:32:48'),
(21057, 55928, '2013-10-28 18:32:48'),
(21058, 55928, '2013-10-28 18:32:48'),
(21055, 55976, '2013-10-28 18:32:48'),
(21056, 55976, '2013-10-28 18:32:48'),
(21057, 55976, '2013-10-28 18:32:48'),
(21058, 55976, '2013-10-28 18:32:48'),
(21059, 55976, '2013-10-28 18:32:48'),
(21060, 55976, '2013-10-28 18:32:48'),
(21063, 55753, '2013-10-28 18:32:48'),
(21065, 55753, '2013-10-28 18:32:48'),
(21065, 55848, '2013-10-28 18:32:48'),
(21063, 55884, '2013-10-28 18:32:48'),
(21064, 55884, '2013-10-28 18:32:48'),
(21065, 55884, '2013-10-28 18:32:48'),
(21066, 55884, '2013-10-28 18:32:48'),
(21064, 55895, '2013-10-28 18:32:48'),
(21066, 55895, '2013-10-28 18:32:48'),
(21068, 55814, '2013-10-28 18:32:48'),
(21070, 55814, '2013-10-28 18:32:48'),
(21069, 55825, '2013-10-28 18:32:48'),
(21068, 55826, '2013-10-28 18:32:48'),
(21068, 55898, '2013-10-28 18:32:48'),
(21072, 55910, '2013-10-28 18:32:48'),
(21073, 55910, '2013-10-28 18:32:48'),
(21075, 55910, '2013-10-28 18:32:48'),
(21073, 55969, '2013-10-28 18:32:48'),
(21075, 55969, '2013-10-28 18:32:48'),
(21085, 55916, '2013-10-28 18:32:48'),
(21086, 55916, '2013-10-28 18:32:48'),
(21087, 55916, '2013-10-28 18:32:48'),
(21084, 55962, '2013-10-28 18:32:48'),
(21085, 55962, '2013-10-28 18:32:48'),
(21089, 55758, '2013-10-28 18:32:48'),
(21089, 55830, '2013-10-28 18:32:48'),
(21090, 55830, '2013-10-28 18:32:48'),
(21091, 55830, '2013-10-28 18:32:48'),
(21092, 55830, '2013-10-28 18:32:48'),
(21104, 55760, '2013-10-28 18:32:48'),
(21102, 55804, '2013-10-28 18:32:48'),
(21103, 55804, '2013-10-28 18:32:48'),
(21104, 55804, '2013-10-28 18:32:48'),
(21103, 55807, '2013-10-28 18:32:48'),
(21106, 55891, '2013-10-28 18:32:48'),
(21107, 55891, '2013-10-28 18:32:48'),
(21108, 55891, '2013-10-28 18:32:48'),
(21109, 55891, '2013-10-28 18:32:48'),
(21107, 55903, '2013-10-28 18:32:48'),
(21109, 55903, '2013-10-28 18:32:48'),
(21106, 56003, '2013-10-28 18:32:48'),
(21108, 56003, '2013-10-28 18:32:48'),
(21110, 56003, '2013-10-28 18:32:48'),
(21113, 55854, '2013-10-28 18:32:48'),
(21112, 55873, '2013-10-28 18:32:48'),
(21113, 55873, '2013-10-28 18:32:48'),
(21122, 55861, '2013-10-28 18:32:48'),
(21124, 55773, '2013-10-28 18:32:48'),
(21125, 55773, '2013-10-28 18:32:48'),
(21126, 55773, '2013-10-28 18:32:48'),
(21124, 55827, '2013-10-28 18:32:48'),
(21125, 55827, '2013-10-28 18:32:48'),
(21126, 55827, '2013-10-28 18:32:48'),
(21125, 55901, '2013-10-28 18:32:48'),
(21130, 55802, '2013-10-28 18:32:48'),
(21128, 55823, '2013-10-28 18:32:48'),
(21128, 55861, '2013-10-28 18:32:48'),
(21129, 55861, '2013-10-28 18:32:48'),
(21130, 55861, '2013-10-28 18:32:48'),
(21131, 55861, '2013-10-28 18:32:48'),
(21128, 55912, '2013-10-28 18:32:48'),
(21129, 55912, '2013-10-28 18:32:48'),
(21130, 55912, '2013-10-28 18:32:48'),
(21129, 55956, '2013-10-28 18:32:48'),
(21131, 55956, '2013-10-28 18:32:48'),
(21131, 55981, '2013-10-28 18:32:48'),
(21133, 55784, '2013-10-28 18:32:48'),
(21134, 55784, '2013-10-28 18:32:48'),
(21135, 55784, '2013-10-28 18:32:48'),
(21133, 55785, '2013-10-28 18:32:48'),
(21135, 55785, '2013-10-28 18:32:48'),
(21133, 55822, '2013-10-28 18:32:48'),
(21134, 55822, '2013-10-28 18:32:48'),
(21135, 55822, '2013-10-28 18:32:48'),
(21133, 55831, '2013-10-28 18:32:48'),
(21134, 55831, '2013-10-28 18:32:48'),
(21135, 55831, '2013-10-28 18:32:48'),
(21133, 55853, '2013-10-28 18:32:48'),
(21134, 55853, '2013-10-28 18:32:48'),
(21135, 55853, '2013-10-28 18:32:48'),
(21134, 55872, '2013-10-28 18:32:48'),
(21137, 55787, '2013-10-28 18:32:48'),
(21137, 55816, '2013-10-28 18:32:48'),
(21137, 55822, '2013-10-28 18:32:48'),
(21137, 55854, '2013-10-28 18:32:48'),
(21137, 55874, '2013-10-28 18:32:48'),
(21148, 55761, '2013-10-28 18:32:48'),
(21147, 55803, '2013-10-28 18:32:48'),
(21148, 55803, '2013-10-28 18:32:48'),
(21147, 55825, '2013-10-28 18:32:48'),
(21148, 55825, '2013-10-28 18:32:48'),
(21150, 55825, '2013-10-28 18:32:48'),
(21147, 55885, '2013-10-28 18:32:48'),
(21149, 55885, '2013-10-28 18:32:48'),
(21149, 55898, '2013-10-28 18:32:48'),
(21160, 55766, '2013-10-28 18:32:48'),
(21161, 55766, '2013-10-28 18:32:48'),
(21162, 55766, '2013-10-28 18:32:48'),
(21163, 55766, '2013-10-28 18:32:48'),
(21161, 55823, '2013-10-28 18:32:48'),
(21163, 55823, '2013-10-28 18:32:48'),
(21160, 55887, '2013-10-28 18:32:48'),
(21161, 55887, '2013-10-28 18:32:48'),
(21162, 55887, '2013-10-28 18:32:48'),
(21163, 55887, '2013-10-28 18:32:48'),
(21160, 55939, '2013-10-28 18:32:48'),
(21161, 55939, '2013-10-28 18:32:48'),
(21161, 55997, '2013-10-28 18:32:48'),
(21163, 55997, '2013-10-28 18:32:48'),
(21165, 55755, '2013-10-28 18:32:48'),
(21166, 55755, '2013-10-28 18:32:48'),
(21167, 55755, '2013-10-28 18:32:48'),
(21168, 55755, '2013-10-28 18:32:48'),
(21169, 55755, '2013-10-28 18:32:48'),
(21170, 55755, '2013-10-28 18:32:48'),
(21166, 55797, '2013-10-28 18:32:48'),
(21167, 55797, '2013-10-28 18:32:48'),
(21168, 55797, '2013-10-28 18:32:48'),
(21170, 55797, '2013-10-28 18:32:48'),
(21165, 55804, '2013-10-28 18:32:48'),
(21166, 55804, '2013-10-28 18:32:48'),
(21167, 55804, '2013-10-28 18:32:48'),
(21168, 55804, '2013-10-28 18:32:48'),
(21169, 55804, '2013-10-28 18:32:48'),
(21170, 55804, '2013-10-28 18:32:48'),
(21171, 55804, '2013-10-28 18:32:48'),
(21165, 55838, '2013-10-28 18:32:48'),
(21166, 55838, '2013-10-28 18:32:48'),
(21167, 55838, '2013-10-28 18:32:48'),
(21168, 55838, '2013-10-28 18:32:48'),
(21169, 55838, '2013-10-28 18:32:48'),
(21170, 55838, '2013-10-28 18:32:48'),
(21171, 55838, '2013-10-28 18:32:48'),
(21166, 55840, '2013-10-28 18:32:48'),
(21167, 55840, '2013-10-28 18:32:48'),
(21166, 55850, '2013-10-28 18:32:48'),
(21167, 55850, '2013-10-28 18:32:48'),
(21169, 55850, '2013-10-28 18:32:48'),
(21171, 55850, '2013-10-28 18:32:48'),
(21174, 55751, '2013-10-28 18:32:48'),
(21176, 55751, '2013-10-28 18:32:48'),
(21173, 55783, '2013-10-28 18:32:48'),
(21174, 55783, '2013-10-28 18:32:48'),
(21176, 55783, '2013-10-28 18:32:48'),
(21173, 55806, '2013-10-28 18:32:48'),
(21174, 55806, '2013-10-28 18:32:48'),
(21175, 55806, '2013-10-28 18:32:48'),
(21174, 55972, '2013-10-28 18:32:48'),
(21175, 55972, '2013-10-28 18:32:48'),
(21179, 55771, '2013-10-28 18:32:48'),
(21180, 55771, '2013-10-28 18:32:48'),
(21179, 55772, '2013-10-28 18:32:48'),
(21181, 55772, '2013-10-28 18:32:48'),
(21178, 55802, '2013-10-28 18:32:48'),
(21180, 55802, '2013-10-28 18:32:48'),
(21178, 55846, '2013-10-28 18:32:48'),
(21180, 55846, '2013-10-28 18:32:48'),
(21181, 55846, '2013-10-28 18:32:48'),
(21183, 55745, '2013-10-28 18:32:48'),
(21184, 55745, '2013-10-28 18:32:48'),
(21185, 55745, '2013-10-28 18:32:48'),
(21187, 55745, '2013-10-28 18:32:48'),
(21183, 55795, '2013-10-28 18:32:48'),
(21184, 55795, '2013-10-28 18:32:48'),
(21185, 55795, '2013-10-28 18:32:48'),
(21186, 55795, '2013-10-28 18:32:48'),
(21187, 55795, '2013-10-28 18:32:48'),
(21188, 55795, '2013-10-28 18:32:48'),
(21183, 55821, '2013-10-28 18:32:48'),
(21184, 55821, '2013-10-28 18:32:48'),
(21185, 55821, '2013-10-28 18:32:48'),
(21186, 55821, '2013-10-28 18:32:48'),
(21187, 55821, '2013-10-28 18:32:48'),
(21188, 55821, '2013-10-28 18:32:48'),
(21183, 55853, '2013-10-28 18:32:48'),
(21184, 55853, '2013-10-28 18:32:48'),
(21186, 55853, '2013-10-28 18:32:48'),
(21187, 55853, '2013-10-28 18:32:48'),
(21184, 55891, '2013-10-28 18:32:48'),
(21185, 55891, '2013-10-28 18:32:48'),
(21186, 55891, '2013-10-28 18:32:48'),
(21188, 55891, '2013-10-28 18:32:48'),
(21185, 55898, '2013-10-28 18:32:48'),
(21188, 55898, '2013-10-28 18:32:48'),
(21183, 55945, '2013-10-28 18:32:48'),
(21184, 55945, '2013-10-28 18:32:48'),
(21185, 55945, '2013-10-28 18:32:48'),
(21186, 55945, '2013-10-28 18:32:48'),
(21187, 55945, '2013-10-28 18:32:48'),
(21188, 55945, '2013-10-28 18:32:48'),
(21189, 55945, '2013-10-28 18:32:48'),
(21195, 55760, '2013-10-28 18:32:48'),
(21191, 55800, '2013-10-28 18:32:48'),
(21193, 55800, '2013-10-28 18:32:48'),
(21195, 55800, '2013-10-28 18:32:48'),
(21197, 55800, '2013-10-28 18:32:48'),
(21191, 55802, '2013-10-28 18:32:48'),
(21192, 55802, '2013-10-28 18:32:48'),
(21193, 55802, '2013-10-28 18:32:48'),
(21194, 55802, '2013-10-28 18:32:48'),
(21195, 55802, '2013-10-28 18:32:48'),
(21196, 55802, '2013-10-28 18:32:48'),
(21197, 55802, '2013-10-28 18:32:48'),
(21202, 55872, '2013-10-28 18:32:48'),
(21200, 55915, '2013-10-28 18:32:48'),
(21201, 55915, '2013-10-28 18:32:48'),
(21199, 55978, '2013-10-28 18:32:48'),
(21200, 55978, '2013-10-28 18:32:48'),
(21201, 55978, '2013-10-28 18:32:48'),
(21202, 55978, '2013-10-28 18:32:48'),
(21204, 55938, '2013-10-28 18:32:48'),
(21205, 55938, '2013-10-28 18:32:48'),
(21206, 55938, '2013-10-28 18:32:48'),
(21207, 55938, '2013-10-28 18:32:48'),
(21209, 55918, '2013-10-28 18:32:48'),
(21212, 55918, '2013-10-28 18:32:48'),
(21217, 55800, '2013-10-28 18:32:48'),
(21221, 55800, '2013-10-28 18:32:48'),
(21217, 55829, '2013-10-28 18:32:48'),
(21219, 55829, '2013-10-28 18:32:48'),
(21220, 55829, '2013-10-28 18:32:48'),
(21217, 55843, '2013-10-28 18:32:48'),
(21218, 55843, '2013-10-28 18:32:48'),
(21219, 55843, '2013-10-28 18:32:48'),
(21220, 55843, '2013-10-28 18:32:48'),
(21221, 55843, '2013-10-28 18:32:48'),
(21222, 55843, '2013-10-28 18:32:48'),
(21223, 55843, '2013-10-28 18:32:48'),
(21233, 55827, '2013-10-28 18:32:48'),
(21234, 55827, '2013-10-28 18:32:48'),
(21235, 55827, '2013-10-28 18:32:48'),
(21236, 55827, '2013-10-28 18:32:48'),
(21237, 55827, '2013-10-28 18:32:48'),
(21238, 55827, '2013-10-28 18:32:48'),
(21240, 55844, '2013-10-28 18:32:48'),
(21240, 55911, '2013-10-28 18:32:48'),
(21243, 55791, '2013-10-28 18:32:48'),
(21244, 55791, '2013-10-28 18:32:48'),
(21245, 55791, '2013-10-28 18:32:48'),
(21246, 55791, '2013-10-28 18:32:48'),
(21243, 55838, '2013-10-28 18:32:48'),
(21244, 55838, '2013-10-28 18:32:48'),
(21243, 55858, '2013-10-28 18:32:48'),
(21244, 55858, '2013-10-28 18:32:48'),
(21245, 55858, '2013-10-28 18:32:48'),
(21246, 55858, '2013-10-28 18:32:48'),
(21244, 55886, '2013-10-28 18:32:48'),
(21245, 55886, '2013-10-28 18:32:48'),
(21243, 55891, '2013-10-28 18:32:48'),
(21244, 55891, '2013-10-28 18:32:48'),
(21245, 55891, '2013-10-28 18:32:48'),
(21243, 55922, '2013-10-28 18:32:48'),
(21244, 55922, '2013-10-28 18:32:48'),
(21245, 55922, '2013-10-28 18:32:48'),
(21246, 55922, '2013-10-28 18:32:48'),
(21243, 55940, '2013-10-28 18:32:48'),
(21245, 55940, '2013-10-28 18:32:48'),
(21243, 55962, '2013-10-28 18:32:48'),
(21244, 55962, '2013-10-28 18:32:48'),
(21245, 55962, '2013-10-28 18:32:48'),
(21246, 55962, '2013-10-28 18:32:48'),
(21253, 55802, '2013-10-28 18:32:48'),
(21254, 55802, '2013-10-28 18:32:48'),
(21253, 55807, '2013-10-28 18:32:48'),
(21254, 55807, '2013-10-28 18:32:48'),
(21254, 55832, '2013-10-28 18:32:48'),
(21253, 55882, '2013-10-28 18:32:48'),
(21254, 55882, '2013-10-28 18:32:48'),
(21254, 56011, '2013-10-28 18:32:48'),
(21256, 55787, '2013-10-28 18:32:48'),
(21256, 55808, '2013-10-28 18:32:48'),
(21256, 55899, '2013-10-28 18:32:48'),
(21258, 55841, '2013-10-28 18:32:48'),
(21259, 55841, '2013-10-28 18:32:48'),
(21258, 55963, '2013-10-28 18:32:48'),
(21259, 55963, '2013-10-28 18:32:48'),
(21258, 55968, '2013-10-28 18:32:48'),
(21259, 55968, '2013-10-28 18:32:48'),
(21267, 55825, '2013-10-28 18:32:48'),
(21268, 55825, '2013-10-28 18:32:48'),
(21269, 55897, '2013-10-28 18:32:48'),
(21270, 55897, '2013-10-28 18:32:48'),
(21273, 55810, '2013-10-28 18:32:48'),
(21274, 55810, '2013-10-28 18:32:48'),
(21276, 55810, '2013-10-28 18:32:48'),
(21281, 55764, '2013-10-28 18:32:48'),
(21280, 55853, '2013-10-28 18:32:48'),
(21281, 55853, '2013-10-28 18:32:48'),
(21285, 55736, '2013-10-28 18:32:48'),
(21286, 55736, '2013-10-28 18:32:48'),
(21285, 55811, '2013-10-28 18:32:48'),
(21285, 55883, '2013-10-28 18:32:48'),
(21294, 55775, '2013-10-28 18:32:48'),
(21295, 55775, '2013-10-28 18:32:48'),
(21293, 55840, '2013-10-28 18:32:48'),
(21294, 55840, '2013-10-28 18:32:48'),
(21295, 55840, '2013-10-28 18:32:48'),
(21296, 55840, '2013-10-28 18:32:48'),
(21297, 55840, '2013-10-28 18:32:48'),
(21293, 55848, '2013-10-28 18:32:48'),
(21294, 55848, '2013-10-28 18:32:48'),
(21295, 55848, '2013-10-28 18:32:48'),
(21296, 55848, '2013-10-28 18:32:48'),
(21297, 55848, '2013-10-28 18:32:48'),
(21293, 55849, '2013-10-28 18:32:48'),
(21294, 55849, '2013-10-28 18:32:48'),
(21295, 55849, '2013-10-28 18:32:48'),
(21296, 55849, '2013-10-28 18:32:48'),
(21297, 55849, '2013-10-28 18:32:48'),
(21294, 55873, '2013-10-28 18:32:48'),
(21295, 55873, '2013-10-28 18:32:48'),
(21296, 55873, '2013-10-28 18:32:48'),
(21299, 56013, '2013-10-28 18:32:48'),
(21301, 55743, '2013-10-28 18:32:48'),
(21302, 55743, '2013-10-28 18:32:48'),
(21302, 55770, '2013-10-28 18:32:48'),
(21302, 55868, '2013-10-28 18:32:48'),
(21307, 55755, '2013-10-28 18:32:48'),
(21308, 55755, '2013-10-28 18:32:48'),
(21309, 55755, '2013-10-28 18:32:48'),
(21310, 55755, '2013-10-28 18:32:48'),
(21311, 55755, '2013-10-28 18:32:48'),
(21307, 55804, '2013-10-28 18:32:48'),
(21308, 55823, '2013-10-28 18:32:48'),
(21309, 55830, '2013-10-28 18:32:48'),
(21308, 55865, '2013-10-28 18:32:48'),
(21310, 55865, '2013-10-28 18:32:48'),
(21307, 55904, '2013-10-28 18:32:48'),
(21308, 55904, '2013-10-28 18:32:48'),
(21309, 55904, '2013-10-28 18:32:48'),
(21310, 55904, '2013-10-28 18:32:48'),
(21311, 55904, '2013-10-28 18:32:48'),
(21308, 55925, '2013-10-28 18:32:48'),
(21311, 55925, '2013-10-28 18:32:48'),
(21314, 55746, '2013-10-28 18:32:48'),
(21315, 55746, '2013-10-28 18:32:48'),
(21317, 55746, '2013-10-28 18:32:48'),
(21318, 55746, '2013-10-28 18:32:48'),
(21314, 55800, '2013-10-28 18:32:48'),
(21315, 55800, '2013-10-28 18:32:48'),
(21316, 55800, '2013-10-28 18:32:48'),
(21313, 55826, '2013-10-28 18:32:48'),
(21314, 55826, '2013-10-28 18:32:48'),
(21315, 55826, '2013-10-28 18:32:48'),
(21316, 55826, '2013-10-28 18:32:48'),
(21317, 55826, '2013-10-28 18:32:48'),
(21318, 55826, '2013-10-28 18:32:48'),
(21319, 55826, '2013-10-28 18:32:48'),
(21319, 55880, '2013-10-28 18:32:48'),
(21324, 56004, '2013-10-28 18:32:48'),
(21325, 56004, '2013-10-28 18:32:48'),
(21325, 56031, '2013-10-28 18:32:48'),
(21327, 55802, '2013-10-28 18:32:48'),
(21328, 55802, '2013-10-28 18:32:48'),
(21330, 55802, '2013-10-28 18:32:48'),
(21327, 55847, '2013-10-28 18:32:48'),
(21328, 55847, '2013-10-28 18:32:48'),
(21329, 55847, '2013-10-28 18:32:48'),
(21330, 55847, '2013-10-28 18:32:48'),
(21331, 55847, '2013-10-28 18:32:48'),
(21327, 55882, '2013-10-28 18:32:48'),
(21328, 55882, '2013-10-28 18:32:48'),
(21329, 55882, '2013-10-28 18:32:48'),
(21330, 55882, '2013-10-28 18:32:48'),
(21331, 55882, '2013-10-28 18:32:48'),
(99883, 999004, '2013-10-21 16:04:00'),
(99882, 999002, '2013-10-21 16:03:00'),
(99882, 999001, '2013-10-21 16:02:00'),
(99881, 999001, '2013-10-21 16:01:00'),
(99921, 55934, '2014-04-12 20:02:56'),
(99924, 55934, '2014-04-27 07:02:04'),
(0, 55934, '2014-04-24 14:53:24'),
(21042, 55934, '2014-04-24 15:09:04'),
(21043, 55934, '2014-04-24 15:09:41'),
(21044, 55934, '2014-04-24 15:11:35'),
(99923, 55934, '2014-04-25 15:01:58'),
(99970, 999028, '2014-04-26 04:04:27'),
(99972, 999028, '2014-04-26 04:03:26'),
(99971, 55934, '2014-04-27 10:17:41'),
(99973, 55934, '2014-04-27 13:00:37'),
(0, 0, '2014-04-28 14:51:02');

-- --------------------------------------------------------

--
-- 表的結構 `tbl_user`
--

CREATE TABLE IF NOT EXISTS `tbl_user` (
  `user_id` int(10) NOT NULL AUTO_INCREMENT,
  `user_name` varchar(32) COLLATE utf8_unicode_ci NOT NULL,
  `user_avatar_filename` varchar(128) COLLATE utf8_unicode_ci DEFAULT NULL,
  `user_mobile` varchar(128) COLLATE utf8_unicode_ci DEFAULT NULL,
  `user_email` varchar(32) COLLATE utf8_unicode_ci DEFAULT NULL,
  `user_status` varchar(255) COLLATE utf8_unicode_ci DEFAULT NULL,
  `user_create_at` timestamp NOT NULL DEFAULT CURRENT_TIMESTAMP ON UPDATE CURRENT_TIMESTAMP,
  `verification_code` varchar(6) COLLATE utf8_unicode_ci NOT NULL,
  `device_id` varchar(256) COLLATE utf8_unicode_ci NOT NULL,
  `has_verified` tinyint(1) NOT NULL,
  PRIMARY KEY (`user_id`)
) ENGINE=MyISAM  DEFAULT CHARSET=utf8 COLLATE=utf8_unicode_ci AUTO_INCREMENT=999078 ;

--
-- 轉存資料表中的資料 `tbl_user`
--

INSERT INTO `tbl_user` (`user_id`, `user_name`, `user_avatar_filename`, `user_mobile`, `user_email`, `user_status`, `user_create_at`, `verification_code`, `device_id`, `has_verified`) VALUES
(55721, 'Ingenito X. ROSANN', '571647a3064b71a19bd01c4d1684cb6c.jpg', '9852 1184', 'ingenitox.rosann@catchup.com', '', '2014-04-26 08:59:58', '', '', 0),
(55722, 'Colangelo Y. DOROTHA', '55722.jpg', '85294868249', 'colangeloy.dorotha@catchup.com', '', '2014-03-23 16:11:46', '', '', 0),
(55723, 'Wilken S. CATHERINA', '220a6ddf84d9c4c98c9d10ca6ff032b0.jpg', '50138298516888', 'wilkens.catherina@catchup.com', '', '2014-03-10 16:34:42', '', '', 0),
(55724, 'Tony E. LEMELIN', '76728f8f984c917f35ea572c92c0816b.jpg', '+54 1382 98 51 6852', 'tonye.lemelin@catchup.com', '', '2014-04-26 09:04:46', '', '', 0),
(55725, 'Hayne S. NOMA', '21d018e02edb6a53226182184030eb6e.jpg', '26138298516814', 'haynes.noma@catchup.com', '', '2013-10-28 18:32:48', '', '', 0),
(55726, 'Dominica Z. DOROTHA', '7e7ca3802497a517aeccf0cf5acf8b54.jpg', '29138298516849', 'dominicaz.dorotha@catchup.com', '', '2013-10-28 18:32:48', '', '', 0),
(55727, 'Halberg H. KLUMP', 'a73591beacaf8dbd40a68fb1afd8bd98.jpg', '45138298516879', 'halbergh.klump@catchup.com', '', '2013-10-28 18:32:48', '', '', 0),
(55728, 'Edna R. LUCY', '1e659e2b89cec82cc14131583af04e60.jpg', '93138298516821', 'ednar.lucy@catchup.com', '', '2013-10-28 18:32:48', '', '', 0),
(55729, 'Meisinger M. MASON', '804f16b2209ae0fa7598bea0f46ffb7e.jpg', '92138298516819', 'meisingerm.mason@catchup.com', '', '2013-10-28 18:32:48', '', '', 0),
(55730, 'Yee S. COLANGELO', 'c1f69e6643bbee3d2262e0a96e2361b0.jpg', '83138298516876', 'yees.colangelo@catchup.com', '', '2013-10-28 18:32:48', '', '', 0),
(55731, 'Kelleher Z. TALLEY', '1ea25bfbd5aad3f9b00747819056ad69.jpg', '68138298516824', 'kelleherz.talley@catchup.com', '', '2013-10-28 18:32:48', '', '', 0),
(55732, 'Melani C. DOROTHA', 'c7d0cd4f1672c2f525b54a59c1cd6a76.jpg', '65138298516837', 'melanic.dorotha@catchup.com', '', '2013-10-28 18:32:48', '', '', 0),
(55733, 'Wilken Z. RANDY', '3a1c67659fd6bfa5d38f1a56c584a3f6.jpg', '90138298516842', 'wilkenz.randy@catchup.com', '', '2013-10-28 18:32:48', '', '', 0),
(55734, 'Halberg R. BONER', '13484196bfbc61696c9dd23e5518e03f.jpg', '15138298516865', 'halbergr.boner@catchup.com', '', '2013-10-28 18:32:48', '', '', 0),
(55735, 'Hayne Q. BEETS', 'e9af8be3df73cc2791157ce335b5fe26.jpg', '10138298516860', 'hayneq.beets@catchup.com', '', '2013-10-28 18:32:48', '', '', 0),
(55736, 'Darrell H. CLEOPATRA', '24f24ab12a2da52778dc3217d29b1f2f.jpg', '52138298516819', 'darrellh.cleopatra@catchup.com', '', '2013-10-28 18:32:48', '', '', 0),
(55737, 'Sean W. KELLS', 'fb6faef5eb7bf9595e2cfc01d3fdc0e0.jpg', '49138298516856', 'seanw.kells@catchup.com', '', '2013-10-28 18:32:48', '', '', 0),
(55738, 'Witman Y. SWEAT', '16dc35de09e1375bc66e3b2ed635fb6c.jpg', '41138298516858', 'witmany.sweat@catchup.com', '', '2013-10-28 18:32:48', '', '', 0),
(55739, 'Tanner X. CATALFAMO', 'c6a80221c46cdc245759686dd4f00948.jpg', '55138298516882', 'tannerx.catalfamo@catchup.com', '', '2013-10-28 18:32:48', '', '', 0),
(55740, 'Maglio W. THONG', 'b858a28515326bef17ed43a90287a001.jpg', '91138298516893', 'magliow.thong@catchup.com', '', '2013-10-28 18:32:48', '', '', 0),
(55741, 'Rain B. WILKEN', 'f33f40cd71bba86b6c77db1b146e66c3.jpg', '28138298516815', 'rainb.wilken@catchup.com', '', '2013-10-28 18:32:48', '', '', 0),
(55742, 'Rain K. HALBERG', 'e26c61eb0b78ff2e34f2052e8fc3ba86.jpg', '44138298516890', 'raink.halberg@catchup.com', '', '2013-10-28 18:32:48', '', '', 0),
(55743, 'Panek K. LILLI', 'c9fcb1a98d56073247ffbc856ee16c86.jpg', '57138298516884', 'panekk.lilli@catchup.com', '', '2013-10-28 18:32:48', '', '', 0),
(55744, 'Yee T. SHEEHAN', '7473ff2bd72fa815e02d45298a07b54d.jpg', '90138298516820', 'yeet.sheehan@catchup.com', '', '2013-10-28 18:32:48', '', '', 0),
(55745, 'Melgarejo V. BONER', '6ef0c21ad4c80bc7829d057d71a5d956.jpg', '82138298516839', 'melgarejov.boner@catchup.com', '', '2013-10-28 18:32:48', '', '', 0),
(55746, 'Mcquinn R. PEA', 'c4e3f7397f6589ec847b1f1d6ff4af2b.jpg', '39138298516862', 'mcquinnr.pea@catchup.com', '', '2013-10-28 18:32:48', '', '', 0),
(55747, 'Dorotha L. OREM', '3d103b20c687df470246e894991ef42f.jpg', '71138298516868', 'dorothal.orem@catchup.com', '', '2013-10-28 18:32:48', '', '', 0),
(55748, 'Mcmaster U. INGENITO', '8d087406f8ce2ad88b919162eb331ebb.jpg', '16138298516825', 'mcmasteru.ingenito@catchup.com', '', '2013-10-28 18:32:48', '', '', 0),
(55749, 'Geneva N. DEANA', '5714e256816ca7cb9940e1e2593deca4.jpg', '74138298516814', 'genevan.deana@catchup.com', '', '2013-10-28 18:32:48', '', '', 0),
(55750, 'Donny Z. DENTLER', '020b1cd227687322806fbcf40a53e98a.jpg', '22138298516890', 'donnyz.dentler@catchup.com', '', '2013-10-28 18:32:48', '', '', 0),
(55751, 'Albin L. MCMASTER', 'c78604f686b45c290943bea2e2ae34fe.jpg', '96138298516831', 'albinl.mcmaster@catchup.com', '', '2013-10-28 18:32:48', '', '', 0),
(55752, 'Rosann U. TANNER', '88dd26a0e7b4f4615a5cb7b5c2ff5b1b.jpg', '32138298516821', 'rosannu.tanner@catchup.com', '', '2013-10-28 18:32:48', '', '', 0),
(55753, 'Claudie J. DEANA', '7fb7bb86800e2237ecb173d669306a19.jpg', '24138298516814', 'claudiej.deana@catchup.com', '', '2013-10-28 18:32:48', '', '', 0),
(55754, 'Darrell W. MCQUINN', '9c742730d8e479435b68227953c287ac.jpg', '33138298516894', 'darrellw.mcquinn@catchup.com', '', '2013-10-28 18:32:48', '', '', 0),
(55755, 'Parry F. MIREILLE', '3bbf24dc713d0ea424341cab7d5cf34b.jpg', '61138298516893', 'parryf.mireille@catchup.com', '', '2013-10-28 18:32:48', '', '', 0),
(55756, 'Catalfamo Y. TANNER', '409ba3b3f464bb6e20b1f2a69c860f07.jpg', '39138298516819', 'catalfamoy.tanner@catchup.com', '', '2013-10-28 18:32:48', '', '', 0),
(55757, 'Dentler G. LEMELIN', 'a88c343b764743cb4ea90c04852e5a17.jpg', '58138298516830', 'dentlerg.lemelin@catchup.com', '', '2013-10-28 18:32:48', '', '', 0),
(55758, 'Leisy P. DARIUS', 'c49a781abc489d189add72dc83df2409.jpg', '72138298516884', 'leisyp.darius@catchup.com', '', '2013-10-28 18:32:48', '', '', 0),
(55759, 'Lisandra F. PEA', 'c62e4d34b01a1ed34177327fae821dd2.jpg', '73138298516843', 'lisandraf.pea@catchup.com', '', '2013-10-28 18:32:48', '', '', 0),
(55760, 'Noma X. NOMA', '8a6c24915aa3251e4699dde066e4c348.jpg', '17138298516826', 'nomax.noma@catchup.com', '', '2013-10-28 18:32:48', '', '', 0),
(55761, 'Jenna C. KELLEHER', '445b0fcd705831eb1e15058724fe077e.jpg', '68138298516870', 'jennac.kelleher@catchup.com', '', '2013-10-28 18:32:48', '', '', 0),
(55762, 'Keva E. CECILLE', 'fc5b6a9daa334f6b1a99c8c286d98dc8.jpg', '32138298516854', 'kevae.cecille@catchup.com', '', '2013-10-28 18:32:48', '', '', 0),
(55763, 'Jacquelyne B. SHEEHAN', 'e1171642289395778094d781fa7a8330.jpg', '33138298516863', 'jacquelyneb.sheehan@catchup.com', '', '2013-10-28 18:32:48', '', '', 0),
(55764, 'Donita B. VANCUREN', '7a0b9ff82f4ce64139b0d1d24e427b94.jpg', '10138298516876', 'donitab.vancuren@catchup.com', '', '2013-10-28 18:32:48', '', '', 0),
(55765, 'Sean D. GENEVA', 'dee8273ba2e1f0bd85e713bb0690f8db.jpg', '28138298516887', 'seand.geneva@catchup.com', '', '2013-10-28 18:32:48', '', '', 0),
(55766, 'Angert L. TONY', 'c634101d62c90c077096664448818eba.jpg', '60138298516857', 'angertl.tony@catchup.com', '', '2013-10-28 18:32:48', '', '', 0),
(55767, 'Phebe T. SWEAT', 'd8d22456f54340eafdfed810fc0d4115.jpg', '42138298516846', 'phebet.sweat@catchup.com', '', '2013-10-28 18:32:48', '', '', 0),
(55768, 'Yee R. DEANA', '337f41e253c2a1d34d9d8d4f9da11724.jpg', '92138298516894', 'yeer.deana@catchup.com', '', '2013-10-28 18:32:48', '', '', 0),
(55769, 'Maris Q. DORADO', '760d7d1bc5f6390eb704563d8ee2e505.jpg', '83138298516891', 'marisq.dorado@catchup.com', '', '2013-10-28 18:32:48', '', '', 0),
(55770, 'Bohanon U. GENEVA', '6a365d6fc15b9dc0b86324094f4a46ea.jpg', '79138298516882', 'bohanonu.geneva@catchup.com', '', '2013-10-28 18:32:48', '', '', 0),
(55771, 'Gladis U. PHEBE', 'fcd6f89965ce8cefb9f8662ff5976556.jpg', '66138298516898', 'gladisu.phebe@catchup.com', '', '2013-10-28 18:32:48', '', '', 0),
(55772, 'Lizzie Y. TALLEY', 'c7b3143462f8380adb952c13a54f9862.jpg', '64138298516855', 'lizziey.talley@catchup.com', '', '2013-10-28 18:32:48', '', '', 0),
(55773, 'Picard O. NAGLE', '231f7e486588310e765ab9b0cb86633d.jpg', '61138298516894', 'picardo.nagle@catchup.com', '', '2013-10-28 18:32:48', '', '', 0),
(55774, 'Orem W. CECILLE', '9ab76dc831013203f0e427ebfa7c5d49.jpg', '30138298516879', 'oremw.cecille@catchup.com', '', '2013-10-28 18:32:48', '', '', 0),
(55775, 'Deana H. TAVARES', '25c9a69c1ad5a7f7b73cf4f4422c2550.jpg', '60138298516820', 'deanah.tavares@catchup.com', '', '2013-10-28 18:32:48', '', '', 0),
(55776, 'Keva E. POPA', 'ef0d99284beebe01cbe672fe32c1d9d2.jpg', '33138298516894', 'kevae.popa@catchup.com', '', '2013-10-28 18:32:48', '', '', 0),
(55777, 'Jacquelyne Y. JACQUELYNE', '7bc81af43300f8cf1517047754c11ff2.jpg', '71138298516862', 'jacquelyney.jacquelyne@catchup.c', '', '2013-10-28 18:32:48', '', '', 0),
(55778, 'Lucy N. VERNIE', 'ea9ec6b8d2306030b29861c1466cfe62.jpg', '22138298516821', 'lucyn.vernie@catchup.com', '', '2013-10-28 18:32:48', '', '', 0),
(55779, 'Rosann C. RANGER', '1bc084809f0c01705b6f977bf7402f85.jpg', '36138298516870', 'rosannc.ranger@catchup.com', '', '2013-10-28 18:32:48', '', '', 0),
(55780, 'Witt Y. LEMELIN', 'c1fda2c338cc86042e594ab3d58ba7d4.jpg', '34138298516826', 'witty.lemelin@catchup.com', '', '2013-10-28 18:32:48', '', '', 0),
(55781, 'Angert V. ONG', '2fa8219323d6282a484cbdf8a3570192.jpg', '75138298516845', 'angertv.ong@catchup.com', '', '2013-10-28 18:32:48', '', '', 0),
(55782, 'Randy B. WILKEN', '64f32a3cde6bafed665417b7ff6bae5a.jpg', '55138298516838', 'randyb.wilken@catchup.com', '', '2013-10-28 18:32:48', '', '', 0),
(55783, 'Thong F. CLEOPATRA', '7087b536ad50e83b09e010fc6d20f619.jpg', '29138298516892', 'thongf.cleopatra@catchup.com', '', '2013-10-28 18:32:48', '', '', 0),
(55784, 'Mason X. TALLEY', 'e3fc564706be11203c620714b2741fce.jpg', '43138298516815', 'masonx.talley@catchup.com', '', '2013-10-28 18:32:48', '', '', 0),
(55785, 'Wilken K. TRISH', 'fef75d963233cbce80766d3a5fb44287.jpg', '32138298516874', 'wilkenk.trish@catchup.com', '', '2013-10-28 18:32:48', '', '', 0),
(55786, 'Mcquinn X. CLICK', '187b9e4ff321fb4cb700cc94d87acada.jpg', '43138298516824', 'mcquinnx.click@catchup.com', '', '2013-10-28 18:32:48', '', '', 0),
(55787, 'Cammack R. DORADO', '07694d5ab52680a798b4d2b0d91ca38a.jpg', '40138298516847', 'cammackr.dorado@catchup.com', '', '2013-10-28 18:32:48', '', '', 0),
(55788, 'Kelleher Y. PANEK', 'b6d140a92d197ebdcb073f0c1a64f12a.jpg', '95138298516848', 'kellehery.panek@catchup.com', '', '2013-10-28 18:32:48', '', '', 0),
(55789, 'Leisy L. PAOLA', '9cccf70e71ad5f0908e554106dd90cc0.jpg', '13138298516869', 'leisyl.paola@catchup.com', '', '2013-10-28 18:32:48', '', '', 0),
(55790, 'Meisinger W. RANDY', '743ded0e74cef25e77b736a26a0be0a7.jpg', '10138298516832', 'meisingerw.randy@catchup.com', '', '2013-10-28 18:32:48', '', '', 0),
(55791, 'Haywood O. PAOLA', 'b09996f234112d38e94f4f391d806691.jpg', '82138298516883', 'haywoodo.paola@catchup.com', '', '2013-10-28 18:32:48', '', '', 0),
(55792, 'Mcnerney Q. LUCY', '103b531061b0f67e7067fb27878bc0b7.jpg', '14138298516811', 'mcnerneyq.lucy@catchup.com', '', '2013-10-28 18:32:48', '', '', 0),
(55793, 'Jacquetta X. LUCY', '5a1a31185675607497937e90d9fb7f20.jpg', '87138298516832', 'jacquettax.lucy@catchup.com', '', '2013-10-28 18:32:48', '', '', 0),
(55794, 'Rain G. VANCUREN', 'cd44d3362fc83029a72f8c12d3b0e365.jpg', '61138298516828', 'raing.vancuren@catchup.com', '', '2013-10-28 18:32:48', '', '', 0),
(55795, 'Jessia J. HAYWOOD', '4f7fc5722c3ab4fb6354f9f761befcea.jpg', '34138298516844', 'jessiaj.haywood@catchup.com', '', '2013-10-28 18:32:48', '', '', 0),
(55796, 'Mildred V. NAGLE', 'c2d8b4a6ce7d329a0fc5742e770a6329.jpg', '90138298516886', 'mildredv.nagle@catchup.com', '', '2013-10-28 18:32:48', '', '', 0),
(55797, 'Claudie N. TAVARES', '2d6d8d971b05adb3a40be6fc95172a75.jpg', '25138298516841', 'claudien.tavares@catchup.com', '', '2013-10-28 18:32:48', '', '', 0),
(55798, 'Mindi O. DORADO', '7b2de917202becc6176644c969be47e8.jpg', '94138298516864', 'mindio.dorado@catchup.com', '', '2013-10-28 18:32:48', '', '', 0),
(55799, 'Parry U. CATALFAMO', '21f5289c57998bfe46d65c3872155d5b.jpg', '74138298516869', 'parryu.catalfamo@catchup.com', '', '2013-10-28 18:32:48', '', '', 0),
(55800, 'Lilli V. POPA', 'c5686dc6b1e6a93cfe0c8a1c66c45815.jpg', '94138298516846', 'lilliv.popa@catchup.com', '', '2013-10-28 18:32:48', '', '', 0),
(55801, 'Rain O. SHEEHAN', '8128d72a6d2d0c79d71f00b7b7326e86.jpg', '79138298516882', 'raino.sheehan@catchup.com', '', '2013-10-28 18:32:48', '', '', 0),
(55802, 'Every B. OREM', '55b087572f06bdb17bda3ecb183687b2.jpg', '45138298516897', 'everyb.orem@catchup.com', '', '2013-10-28 18:32:48', '', '', 0),
(55803, 'Catalfamo X. CLAUDIE', 'df17e8d506f9d3a32ef1ca67562b0518.jpg', '93138298516817', 'catalfamox.claudie@catchup.com', '', '2013-10-28 18:32:48', '', '', 0),
(55804, 'Cammack E. WITT', '0ffe831d1494acd074d3e9eb9f7bc933.jpg', '86138298516818', 'cammacke.witt@catchup.com', '', '2013-10-28 18:32:48', '', '', 0),
(55805, 'Witman W. TRICE', '1c9002b42834104caefd090488502407.jpg', '77138298516862', 'witmanw.trice@catchup.com', '', '2013-10-28 18:32:48', '', '', 0),
(55806, 'Wilken N. TAVARES', '5aca3d1b18eaedf3688289c252f5b268.jpg', '51138298516850', 'wilkenn.tavares@catchup.com', '', '2013-10-28 18:32:48', '', '', 0),
(55807, 'Lizzie P. DORADO', 'c1c93c16a02dcc9beb6c615974f5679f.jpg', '61138298516841', 'lizziep.dorado@catchup.com', '', '2013-10-28 18:32:48', '', '', 0),
(55808, 'Edna S. GALE', '5ed2ae515ba4fbfbde5be049012b6de6.jpg', '51138298516819', 'ednas.gale@catchup.com', '', '2013-10-28 18:32:48', '', '', 0),
(55809, 'Kelleher Z. PARRY', 'f66cb59f5fb2ffae2325cff87b7a4b39.jpg', '90138298516891', 'kelleherz.parry@catchup.com', '', '2013-10-28 18:32:48', '', '', 0),
(55810, 'Beets T. INGENITO', '69584e27f0d993a0e068e433ac228f0b.jpg', '75138298516863', 'beetst.ingenito@catchup.com', '', '2013-10-28 18:32:48', '', '', 0),
(55811, 'Lisandra Z. MIREILLE', '4a746ad0e0b0a45eb1f5732d58300503.jpg', '13138298516874', 'lisandraz.mireille@catchup.com', '', '2013-10-28 18:32:48', '', '', 0),
(55812, 'Boner P. WITMAN', '857cd6b773897635edb1976ade696375.jpg', '50138298516814', 'bonerp.witman@catchup.com', '', '2013-10-28 18:32:48', '', '', 0),
(55813, 'Gladis H. WITT', 'b9c5127c86dceb99dfc5b566b6fb15bf.jpg', '71138298516886', 'gladish.witt@catchup.com', '', '2013-10-28 18:32:48', '', '', 0),
(55814, 'Donita M. DEANA', '8e3d2050ec96de40bcbbd7fd7638b5b1.jpg', '47138298516896', 'donitam.deana@catchup.com', '', '2013-10-28 18:32:48', '', '', 0),
(55815, 'Click V. ALBIN', '01110542721af91e85402a578ff2cd19.jpg', '72138298516873', 'clickv.albin@catchup.com', '', '2013-10-28 18:32:48', '', '', 0),
(55816, 'Mcquinn U. MIREILLE', '4ad08aa0f887a69c6da0417a4a06636a.jpg', '90138298516856', 'mcquinnu.mireille@catchup.com', '', '2013-10-28 18:32:48', '', '', 0),
(55817, 'Ingenito B. MELANI', '72e56239c53783cdbc711bf107bce37c.jpg', '56138298516817', 'ingenitob.melani@catchup.com', '', '2013-10-28 18:32:48', '', '', 0),
(55818, 'Darrell O. CLICK', '15f4187c391cc426a4f472ce32236f14.jpg', '49138298516811', 'darrello.click@catchup.com', '', '2013-10-28 18:32:48', '', '', 0),
(55819, 'Jacquelyne D. YEE', '8b6014bc7f5bfbc0652739f48788bc15.jpg', '42138298516882', 'jacquelyned.yee@catchup.com', '', '2013-10-28 18:32:48', '', '', 0),
(55820, 'Lisandra J. MILDRED', 'e70c53635c572f5c92a4b29c2e479640.jpg', '73138298516878', 'lisandraj.mildred@catchup.com', '', '2013-10-28 18:32:48', '', '', 0),
(55821, 'Cleopatra K. MEISINGER', 'b42d0a447e9323ac6fbbbd6c4275b2ae.jpg', '27138298516816', 'cleopatrak.meisinger@catchup.com', '', '2013-10-28 18:32:48', '', '', 0),
(55822, 'Yee A. JACQUETTA', 'a652997d45784f6ac1691a97d96f0264.jpg', '76138298516892', 'yeea.jacquetta@catchup.com', '', '2013-10-28 18:32:48', '', '', 0),
(55823, 'Donny U. PICARD', '4568a52159ec8b5e52ce2541bed575de.jpg', '87138298516838', 'donnyu.picard@catchup.com', '', '2013-10-28 18:32:48', '', '', 0),
(55824, 'Boner B. FELTON', '9c4d0140219095d532dfff489d17eb00.jpg', '73138298516854', 'bonerb.felton@catchup.com', '', '2013-10-28 18:32:48', '', '', 0),
(55825, 'Trice L. CECILLE', '8041c859bf98f141cfb93f659201655e.jpg', '26138298516881', 'tricel.cecille@catchup.com', '', '2013-10-28 18:32:48', '', '', 0),
(55826, 'Talley I. LISANDRA', '5542aaf586d2adf2e7fe408efc434687.jpg', '76138298516812', 'talleyi.lisandra@catchup.com', '', '2013-10-28 18:32:48', '', '', 0),
(55827, 'Popa Z. TAVARES', '02d17153d2d22fc6e9bdacec534fe2e9.jpg', '53138298516827', 'popaz.tavares@catchup.com', '', '2013-10-28 18:32:48', '', '', 0),
(55828, 'Thong T. MAFFEI', 'a058ee4191d77353385c7b57b8c68ec1.jpg', '42138298516855', 'thongt.maffei@catchup.com', '', '2013-10-28 18:32:48', '', '', 0),
(55829, 'Every T. ANGERT', '8cd406838f81a9da3eefc7b60a0b0059.jpg', '18138298516863', 'everyt.angert@catchup.com', '', '2013-10-28 18:32:48', '', '', 0),
(55830, 'Witt D. PAOLA', '3bbc46549a29e88e1a36f08cce8b20eb.jpg', '56138298516886', 'wittd.paola@catchup.com', '', '2013-10-28 18:32:48', '', '', 0),
(55831, 'Hayne K. YEE', '308045ab4fc84ec90d768e3ef0049046.jpg', '80138298516863', 'haynek.yee@catchup.com', '', '2013-10-28 18:32:48', '', '', 0),
(55832, 'Kells F. POPA', '7ae540793f84895fa796655cad167ecb.jpg', '30138298516895', 'kellsf.popa@catchup.com', '', '2013-10-28 18:32:48', '', '', 0),
(55833, 'Geneva D. GENEVA', 'df8eb103bdd320cdd5ca2a749f690932.jpg', '42138298516866', 'genevad.geneva@catchup.com', '', '2013-10-28 18:32:48', '', '', 0),
(55834, 'Every W. KELLEHER', 'ae1f0a4eb5b6fcca451b3ec4c4f10c09.jpg', '42138298516828', 'everyw.kelleher@catchup.com', '', '2013-10-28 18:32:48', '', '', 0),
(55835, 'Merri M. GENEVA', '2db2d6f67bdd1c43fae0e03eeac2b8ac.jpg', '29138298516862', 'merrim.geneva@catchup.com', '', '2013-10-28 18:32:48', '', '', 0),
(55836, 'Cornell W. JACQUELYNE', '5d085016f0ed8896fd1a9de926dcd69d.jpg', '28138298516843', 'cornellw.jacquelyne@catchup.com', '', '2013-10-28 18:32:48', '', '', 0),
(55837, 'Meisinger J. TONY', '0b2075306505e077a9133c8a1fcb1cab.jpg', '86138298516823', 'meisingerj.tony@catchup.com', '', '2013-10-28 18:32:48', '', '', 0),
(55838, 'Mcnerney Y. MITZI', '1e007be9fb62d1c83b30dab649f2b1d2.jpg', '35138298516824', 'mcnerneyy.mitzi@catchup.com', '', '2013-10-28 18:32:48', '', '', 0),
(55839, 'Angert F. MILDRED', '98c56bcc72db58d0a4a1a83a9b64df6a.jpg', '33138298516863', 'angertf.mildred@catchup.com', '', '2013-10-28 18:32:48', '', '', 0),
(55840, 'Tanner K. DOMINICA', '1d2a922bd70860c4d26391aa2b060a71.jpg', '39138298516878', 'tannerk.dominica@catchup.com', '', '2013-10-28 18:32:48', '', '', 0),
(55841, 'Orem G. NAGLE', '933af4072305b32fc73de83338c1db75.jpg', '64138298516850', 'oremg.nagle@catchup.com', '', '2013-10-28 18:32:48', '', '', 0),
(55842, 'Mcquinn D. MILDRED', 'cdf67bc3a3ca6ca2364d63247032a2e8.jpg', '60138298516842', 'mcquinnd.mildred@catchup.com', '', '2013-10-28 18:32:48', '', '', 0),
(55843, 'Click D. JACQUELYNE', '06f8839c3143f77168405ebdcff62df4.jpg', '51138298516898', 'clickd.jacquelyne@catchup.com', '', '2013-10-28 18:32:48', '', '', 0),
(55844, 'Felton V. POPA', '974bde53dd5c3a39e11ac6f9d4f6be00.jpg', '32138298516820', 'feltonv.popa@catchup.com', '', '2013-10-28 18:32:48', '', '', 0),
(55845, 'Kells O. CATHERINA', 'e72621e472d5e37e6e38c40ab3573705.jpg', '43138298516884', 'kellso.catherina@catchup.com', '', '2013-10-28 18:32:48', '', '', 0),
(55846, 'Albin H. MINDI', 'dbcf7d0f1539d5e144ead2e869ec9c63.jpg', '44138298516866', 'albinh.mindi@catchup.com', '', '2013-10-28 18:32:48', '', '', 0),
(55847, 'Donita A. JACQUETTA', '999479c7d6b2e9d01f5b38ce2460ea1c.jpg', '31138298516867', 'donitaa.jacquetta@catchup.com', '', '2013-10-28 18:32:48', '', '', 0),
(55848, 'Angert B. TONY', 'df6553b5ad97dec392ba1b65caa9635d.jpg', '65138298516867', 'angertb.tony@catchup.com', '', '2013-10-28 18:32:48', '', '', 0),
(55849, 'Hayne H. LILLI', '13fef0267b1c74476062d9739e394a0e.jpg', '89138298516877', 'hayneh.lilli@catchup.com', '', '2013-10-28 18:32:48', '', '', 0),
(55850, 'Sheehan T. RANDY', '4199bcef36d6545de0b6d57712ddcd3e.jpg', '70138298516810', 'sheehant.randy@catchup.com', '', '2013-10-28 18:32:48', '', '', 0),
(55851, 'Ranger T. DEANA', '3c168d0b19b681070f342c310896c392.jpg', '13138298516820', 'rangert.deana@catchup.com', '', '2013-10-28 18:32:48', '', '', 0),
(55852, 'Kelleher Z. GALE', 'ef7b847160179dc4f71b49daf7412c6d.jpg', '65138298516841', 'kelleherz.gale@catchup.com', '', '2013-10-28 18:32:48', '', '', 0),
(55853, 'Ingenito P. DONNY', 'e2732fcf9288d486cf7a421d261e1521.jpg', '92138298516885', 'ingenitop.donny@catchup.com', '', '2013-10-28 18:32:48', '', '', 0),
(55854, 'Darius F. POPA', 'bbfb07cd3316a3810e1421f137cbbf02.jpg', '83138298516886', 'dariusf.popa@catchup.com', '', '2013-10-28 18:32:48', '', '', 0),
(55855, 'Cornell Z. LISANDRA', 'e30f3de5e27117bd6f812e36025726fc.jpg', '38138298516886', 'cornellz.lisandra@catchup.com', '', '2013-10-28 18:32:48', '', '', 0),
(55856, 'Trice B. JESSIA', '10b7bcfe8220692f483a426d5ff76fa7.jpg', '53138298516876', 'triceb.jessia@catchup.com', '', '2013-10-28 18:32:48', '', '', 0),
(55857, 'Sweat E. MELANI', '8d09b5d7fd91eaddb09eae4276a27e11.jpg', '26138298516829', 'sweate.melani@catchup.com', '', '2013-10-28 18:32:48', '', '', 0),
(55858, 'Jessia O. PEA', '3cbd9077c9d3c1ef9823319be77ad49e.jpg', '12138298516827', 'jessiao.pea@catchup.com', '', '2013-10-28 18:32:48', '', '', 0),
(55859, 'Cornell C. ADOLPH', '8d5d90ec862b6d2c5b54333f7cf4292e.jpg', '94138298516810', 'cornellc.adolph@catchup.com', '', '2013-10-28 18:32:48', '', '', 0),
(55860, 'Witt Z. MINDI', '3260187969d122135c771c0f75668c5b.jpg', '59138298516880', 'wittz.mindi@catchup.com', '', '2013-10-28 18:32:48', '', '', 0),
(55861, 'Kells C. SHEEHAN', '2e8a06e96a1d6035189980e0db2474f6.jpg', '29138298516847', 'kellsc.sheehan@catchup.com', '', '2013-10-28 18:32:48', '', '', 0),
(55862, 'Bohanon C. MELANI', '29838cb7150cd0e85853f32c5db60ba6.jpg', '28138298516863', 'bohanonc.melani@catchup.com', '', '2013-10-28 18:32:48', '', '', 0),
(55863, 'Witman V. LILLI', '5677a87aa56618ec42bb23c5da4cc5ca.jpg', '74138298516810', 'witmanv.lilli@catchup.com', '', '2013-10-28 18:32:48', '', '', 0),
(55864, 'Donita I. MEISINGER', 'e176e75aa3bea0fea0c1d52a73e88831.jpg', '25138298516842', 'donitai.meisinger@catchup.com', '', '2013-10-28 18:32:48', '', '', 0),
(55865, 'Lilli S. DOMINICA', '695edf24160f1bc4706c4511e71441aa.jpg', '60138298516868', 'lillis.dominica@catchup.com', '', '2013-10-28 18:32:48', '', '', 0),
(55866, 'Dominica F. SWEAT', '6e4523a871b194d72b1c700235497623.jpg', '70138298516877', 'dominicaf.sweat@catchup.com', '', '2013-10-28 18:32:48', '', '', 0),
(55867, 'Kelleher T. MASON', '0fc1902c502e5bb1a63aef001cb04e5b.jpg', '23138298516897', 'kellehert.mason@catchup.com', '', '2013-10-28 18:32:48', '', '', 0),
(55868, 'Nagle T. HERMELINDA', '6cce7b774cf34c821744b3f3ea559ac7.jpg', '77138298516896', 'naglet.hermelinda@catchup.com', '', '2013-10-28 18:32:48', '', '', 0),
(55869, 'Click Z. LEISY', 'e808bde8cbc358afbe9f06f9ba746f48.jpg', '49138298516872', 'clickz.leisy@catchup.com', '', '2013-10-28 18:32:48', '', '', 0),
(55870, 'Tony L. DARIUS', 'bb976d7de79462cc74e160a2a1c6eab6.jpg', '42138298516863', 'tonyl.darius@catchup.com', '', '2013-10-28 18:32:48', '', '', 0),
(55871, 'Donny D. ANGERT', 'b8b550f5663c8aa76f83d7fb597463cd.jpg', '84138298516871', 'donnyd.angert@catchup.com', '', '2013-10-28 18:32:48', '', '', 0),
(55872, 'Phebe H. FELTON', '2a0cb2169e5ec36e382bde831b417309.jpg', '62138298516895', 'phebeh.felton@catchup.com', '', '2013-10-28 18:32:48', '', '', 0),
(55873, 'Cecille Z. RANGER', 'f1833bcabda17d7d30b21e8c57473e5c.jpg', '52138298516822', 'cecillez.ranger@catchup.com', '', '2013-10-28 18:32:48', '', '', 0),
(55874, 'Paola S. FELTON', '15806e36e3c46d4f5dd733ef44d30e45.jpg', '77138298516852', 'paolas.felton@catchup.com', '', '2013-10-28 18:32:48', '', '', 0),
(55875, 'Mcquinn K. PANEK', '3e46900fd7be702d304dc245ea36a49a.jpg', '65138298516887', 'mcquinnk.panek@catchup.com', '', '2013-10-28 18:32:48', '', '', 0),
(55876, 'Hayne K. YEE', '308045ab4fc84ec90d768e3ef0049046.jpg', '26138298516877', 'haynek.yee@catchup.com', '', '2013-10-28 18:32:48', '', '', 0),
(55877, 'Felton O. MAGLIO', '666e5521f5c53e0f4db3b9e7036d2056.jpg', '27138298516845', 'feltono.maglio@catchup.com', '', '2013-10-28 18:32:48', '', '', 0),
(55878, 'Deana E. PAOLA', '65d3f10dbd01b4d04b30947171ed27b2.jpg', '50138298516877', 'deanae.paola@catchup.com', '', '2013-10-28 18:32:48', '', '', 0),
(55879, 'Sweat C. KARL', '21191e0ce93e5dc466d19ebed685e720.jpg', '37138298516859', 'sweatc.karl@catchup.com', '', '2013-10-28 18:32:48', '', '', 0),
(55880, 'Maglio Z. COLANGELO', 'a6aa6c34e4cd463785c027c57aa466c7.jpg', '78138298516874', 'maglioz.colangelo@catchup.com', '', '2013-10-28 18:32:48', '', '', 0),
(55881, 'Sheehan P. EVERY', 'a975afc791b0694be96c73ad2ca839ce.jpg', '29138298516829', 'sheehanp.every@catchup.com', '', '2013-10-28 18:32:48', '', '', 0),
(55882, 'Sean J. SWEAT', '4c3c7cf267fc023c8253c5545e611948.jpg', '35138298516859', 'seanj.sweat@catchup.com', '', '2013-10-28 18:32:48', '', '', 0),
(55883, 'Mitzi E. RAIN', 'bf097ac02cfe227dcf48e0ccd707e2a0.jpg', '32138298516843', 'mitzie.rain@catchup.com', '', '2013-10-28 18:32:48', '', '', 0),
(55884, 'Claudie V. LEMELIN', '26ad2c166c92261099e6e758421ab436.jpg', '25138298516833', 'claudiev.lemelin@catchup.com', '', '2013-10-28 18:32:48', '', '', 0),
(55885, 'Melgarejo U. CATHERINA', '915cdb1ef0735942de16162d3b970801.jpg', '12138298516818', 'melgarejou.catherina@catchup.com', '', '2013-10-28 18:32:48', '', '', 0),
(55886, 'Trice X. KELLS', '55886.jpg', '25138298516870', 'tricex.kells@catchup.com', '', '2014-02-16 13:06:32', '', '', 0),
(55887, 'Adolph Y. CLEOPATRA', 'bb8456249dbc0064c52fb80f110a79e5.jpg', '93138298516823', 'adolphy.cleopatra@catchup.com', '', '2013-10-28 18:32:48', '', '', 0),
(55888, 'Melani Y. CATALFAMO', '6ba7634d69a4e10c3745a42e3baac888.jpg', '18138298516829', 'melaniy.catalfamo@catchup.com', '', '2013-10-28 18:32:48', '', '', 0),
(55889, 'Kells M. DONNY', '0fb664cb17e26a428d6420a05fbbade6.jpg', '26138298516874', 'kellsm.donny@catchup.com', '', '2013-10-28 18:32:48', '', '', 0),
(55890, 'Sheehan S. VERNIE', 'ac3755b90ff97fac1efdaa2cdb10cf84.jpg', '35138298516888', 'sheehans.vernie@catchup.com', '', '2013-10-28 18:32:48', '', '', 0),
(55891, 'Adolph P. PAOLA', '0bffcaf6505e578bffbcd93f7d52b03b.jpg', '22138298516865', 'adolphp.paola@catchup.com', '', '2013-10-28 18:32:48', '', '', 0),
(55892, 'Lilli A. CATALFAMO', 'd2e993f9e6e4cae096ec49678b2b17e9.jpg', '85138298516829', 'lillia.catalfamo@catchup.com', '', '2013-10-28 18:32:48', '', '', 0),
(55893, 'Jenna Q. LISANDRA', '4974c50427c30aa52ef2d7301bd286d9.jpg', '50138298516859', 'jennaq.lisandra@catchup.com', '', '2013-10-28 18:32:48', '', '', 0),
(55894, 'Melgarejo Y. MELANI', 'bbcd04afbf329d706f095da1ba294f51.jpg', '82138298516812', 'melgarejoy.melani@catchup.com', '', '2013-10-28 18:32:48', '', '', 0),
(55895, 'Lucy W. THONG', '6d9127b127a853a72c47bf26de2e8d10.jpg', '17138298516816', 'lucyw.thong@catchup.com', '', '2013-10-28 18:32:48', '', '', 0),
(55896, 'Darrell V. LILLI', '090cdc49155cb095c2a5431d7fdbffb8.jpg', '76138298516821', 'darrellv.lilli@catchup.com', '', '2013-10-28 18:32:48', '', '', 0),
(55897, 'Witt N. LUCY', '0fb2b53946ca0773afc6180e0db63ba4.jpg', '37138298516870', 'wittn.lucy@catchup.com', '', '2013-10-28 18:32:48', '', '', 0),
(55898, 'Angert B. LUCY', 'cf7b0989d25a086c16f48884be3bf22c.jpg', '85138298516890', 'angertb.lucy@catchup.com', '', '2013-10-28 18:32:48', '', '', 0),
(55899, 'Tanner A. VERNIE', '768fbb731878963fa55ae64dbb4ce450.jpg', '15138298516852', 'tannera.vernie@catchup.com', '', '2013-10-28 18:32:48', '', '', 0),
(55900, 'Kells J. TAVARES', '28a517cc64fb26e37e2c05574cde60a7.jpg', '60138298516825', 'kellsj.tavares@catchup.com', '', '2013-10-28 18:32:48', '', '', 0),
(55901, 'Dominica G. ROSANN', '3be5d21cbf88d2f8a1cf31ea8cf2a115.jpg', '94138298516841', 'dominicag.rosann@catchup.com', '', '2013-10-28 18:32:48', '', '', 0),
(55902, 'Rain D. JENNA', 'e124f90a77cbfa12db528b82ad3b8032.jpg', '89138298516890', 'raind.jenna@catchup.com', '', '2013-10-28 18:32:48', '', '', 0),
(55903, 'Angert N. GALE', 'dfb4974ad456cde4a0234351cf33d808.jpg', '12138298516884', 'angertn.gale@catchup.com', '', '2013-10-28 18:32:48', '', '', 0),
(55904, 'Beets I. FELTON', 'a89af49bcae4561807cec54c3bc6aa19.jpg', '82138298516826', 'beetsi.felton@catchup.com', '', '2013-10-28 18:32:48', '', '', 0),
(55905, 'Tony S. DARRELL', '5132431e8f72fc9e7672216c5afb9242.jpg', '37138298516880', 'tonys.darrell@catchup.com', '', '2013-10-28 18:32:48', '', '', 0),
(55906, 'Gladis K. LISANDRA', 'f2698b066db4760db143a75bfba07f94.jpg', '18138298516895', 'gladisk.lisandra@catchup.com', '', '2013-10-28 18:32:48', '', '', 0),
(55907, 'Angert O. MAFFEI', '6047ce80f601cef4a6596621cc2dac7f.jpg', '42138298516853', 'angerto.maffei@catchup.com', '', '2013-10-28 18:32:48', '', '', 0),
(55908, 'Deana M. WITT', '4e0d2e6cb735d94afb063ace79837f34.jpg', '77138298516842', 'deanam.witt@catchup.com', '', '2013-10-28 18:32:48', '', '', 0),
(55909, 'Vernie B. FELTON', '99dec3c3172c71fbd900f626b9a6689c.jpg', '94138298516818', 'vernieb.felton@catchup.com', '', '2013-10-28 18:32:48', '', '', 0),
(55910, 'Mcmaster A. TALLEY', '23345f83bc1c951cdc86391289e4173f.jpg', '64138298516885', 'mcmastera.talley@catchup.com', '', '2013-10-28 18:32:48', '', '', 0),
(55911, 'Sweat K. DEANA', '975298b44bf8eb38853c867524c41138.jpg', '83138298516872', 'sweatk.deana@catchup.com', '', '2013-10-28 18:32:48', '', '', 0),
(55912, 'Halberg N. HERMELINDA', '1591f7883f56a8a3e142794252f898e4.jpg', '54138298516864', 'halbergn.hermelinda@catchup.com', '', '2013-10-28 18:32:48', '', '', 0),
(55913, 'Boner V. LISANDRA', '8119e13eeae2b58f0750e0c09f2ceee0.jpg', '31138298516825', 'bonerv.lisandra@catchup.com', '', '2013-10-28 18:32:48', '', '', 0),
(55914, 'Cecille U. OREM', 'ade67ca84ff2e6cd21f745417354906b.jpg', '32138298516859', 'cecilleu.orem@catchup.com', '', '2013-10-28 18:32:48', '', '', 0),
(55915, 'Parry U. SWEAT', '1cbda58aded7533b4f27069424e7ec77.jpg', '90138298516874', 'parryu.sweat@catchup.com', '', '2013-10-28 18:32:48', '', '', 0),
(55916, 'Mcmaster P. SHEEHAN', '293d055395c059781113d835e1e5c23f.jpg', '23138298516829', 'mcmasterp.sheehan@catchup.com', '', '2013-10-28 18:32:48', '', '', 0),
(55917, 'Bohanon T. JESSIA', 'c5d62b383c9e6f6635f1de1e1996c075.jpg', '24138298516862', 'bohanont.jessia@catchup.com', '', '2013-10-28 18:32:48', '', '', 0),
(55918, 'Melgarejo N. HERMELINDA', '1092d34dde7a22ee3475d1ba9877c352.jpg', '44138298516810', 'melgarejon.hermelinda@catchup.co', '', '2013-10-28 18:32:48', '', '', 0),
(55919, 'Gladis K. LIZZIE', '67781d95a0c31cf733e7e22fa20de909.jpg', '84138298516869', 'gladisk.lizzie@catchup.com', '', '2013-10-28 18:32:48', '', '', 0),
(55920, 'Dorado L. MIREILLE', '79a061b85e6c30de3c5eedb95d775644.jpg', '68138298516873', 'doradol.mireille@catchup.com', '', '2013-10-28 18:32:48', '', '', 0),
(55921, 'Parry R. MELANI', '51ba1117a092fa46379132f2e39d0d8a.jpg', '67138298516860', 'parryr.melani@catchup.com', '', '2013-10-28 18:32:48', '', '', 0),
(55922, 'Darrell J. VANCUREN', '89b9f7c46986695fc5d850889ddf260b.jpg', '96138298516854', 'darrellj.vancuren@catchup.com', '', '2013-10-28 18:32:48', '', '', 0),
(55923, 'Donny O. NAGLE', 'bbbc68ec13af06660216761d6be1a2af.jpg', '98138298516874', 'donnyo.nagle@catchup.com', '', '2013-10-28 18:32:48', '', '', 0),
(55924, 'Mcquinn H. MINDI', 'd6b90f0dfd1f32ca403f9c2ef94cde83.jpg', '92138298516869', 'mcquinnh.mindi@catchup.com', '', '2013-10-28 18:32:48', '', '', 0),
(55925, 'Witman P. KELLS', '2ae88e1926d25324cbff6d39d1cc14dd.jpg', '14138298516849', 'witmanp.kells@catchup.com', '', '2013-10-28 18:32:48', '', '', 0),
(55926, 'Patton B. TRICE', '9f9dfa5bbd8aeebd0a44df91f2cf9886.jpg', '27138298516872', 'pattonb.trice@catchup.com', '', '2013-10-28 18:32:48', '', '', 0),
(55927, 'Jessia F. HALBERG', '6d3e1a47afa8237c690d19b7f577ad8c.jpg', '18138298516886', 'jessiaf.halberg@catchup.com', '', '2013-10-28 18:32:48', '', '', 0),
(55928, 'Popa H. PEA', '4cd882da825f70d1bbcfc16420962793.jpg', '17138298516832', 'popah.pea@catchup.com', '', '2013-10-28 18:32:48', '', '', 0),
(55929, 'Gladis M. EDNA', 'a26f132099612bdb9071b30d533958f3.jpg', '94138298516850', 'gladism.edna@catchup.com', '', '2013-10-28 18:32:48', '', '', 0),
(55930, 'Vernie U. JACQUELYNE', 'd7b61b0dc4b78f074eb27780090a934d.jpg', '77138298516872', 'vernieu.jacquelyne@catchup.com', '', '2013-10-28 18:32:48', '', '', 0),
(55931, 'Kelleher Z. MILDRED', 'a8701e57a47e0d1e0d658262fe913738.jpg', '52138298516813', 'kelleherz.mildred@catchup.com', '', '2013-10-28 18:32:48', '', '', 0),
(55932, 'Karl F. HERMELINDA', '684de6fe86662b40ed4262a1ced95a55.jpg', '67138298516846', 'karlf.hermelinda@catchup.com', '', '2013-10-28 18:32:48', '', '', 0),
(55933, 'Leisy G. SWEAT', '058c16dc2ee087247804f1fd83c880f5.jpg', '21138298516839', 'leisyg.sweat@catchup.com', '', '2013-10-28 18:32:48', '', '', 0),
(55934, 'Erwin', 'avatars/55934139860710655934.jpg', '+852 4567 890', 'Erwin@erwin.com', '', '2014-04-27 13:58:26', '273092', 'F9C11AF8-915E-4EF1-B96B-9FB7E077760F', 1),
(55935, 'Felton I. RANDY', '15f2964b8ba167145bef62b91cec43ed.jpg', '72138298516835', 'feltoni.randy@catchup.com', '', '2013-10-28 18:32:48', '', '', 0),
(55936, 'Boner F. INGENITO', '0c0f9b2d8f20effdcccd6fc4442adaa7.jpg', '78138298516896', 'bonerf.ingenito@catchup.com', '', '2013-10-28 18:32:48', '', '', 0),
(55937, 'Karl D. GENEVA', 'e797c1cdfd8423df1bab8ae6e45eda8f.jpg', '14138298516865', 'karld.geneva@catchup.com', '', '2013-10-28 18:32:48', '', '', 0),
(55938, 'Haymaker U. LIZZIE', '0ebd8bb37bdcd193b567692d07ac3b66.jpg', '15138298516848', 'haymakeru.lizzie@catchup.com', '', '2013-10-28 18:32:48', '', '', 0),
(55939, 'Mindi V. PAOLA', '8a98028b1e44c21a7bd216a02f7b4343.jpg', '85138298516896', 'mindiv.paola@catchup.com', '', '2013-10-28 18:32:48', '', '', 0),
(55940, 'Dorado H. SEAN', 'c88764b670027e77e462a24f0295dfae.jpg', '66138298516896', 'doradoh.sean@catchup.com', '', '2013-10-28 18:32:48', '', '', 0),
(55941, 'Dorotha N. MILDRED', '8d28bfd4f94b1b1e73393f1082c35337.jpg', '73138298516827', 'dorothan.mildred@catchup.com', '', '2013-10-28 18:32:48', '', '', 0),
(55942, 'Randy T. TAVARES', '428390fc2a540ba49fc722efb4ef25b7.jpg', '67138298516854', 'randyt.tavares@catchup.com', '', '2013-10-28 18:32:48', '', '', 0),
(55943, 'Mcnerney K. WITT', '359c1b17a9eab2906a5e554de78cb267.jpg', '38138298516849', 'mcnerneyk.witt@catchup.com', '', '2013-10-28 18:32:48', '', '', 0),
(55944, 'Nagle H. MINDI', '4b519e0e9c696fae24ea3dd188604e16.jpg', '16138298516842', 'nagleh.mindi@catchup.com', '', '2013-10-28 18:32:48', '', '', 0),
(55945, 'Orem H. PEA', '08c01f4369e53dd3e15e3a287ac33c60.jpg', '38138298516822', 'oremh.pea@catchup.com', '', '2013-10-28 18:32:48', '', '', 0),
(55946, 'Hayne I. TALLEY', '625c12107adffbad37430445736c9dc1.jpg', '24138298516894', 'haynei.talley@catchup.com', '', '2013-10-28 18:32:48', '', '', 0),
(55947, 'Kelleher H. DOMINICA', '3553969decbbe36164e03ffec871de91.jpg', '73138298516898', 'kelleherh.dominica@catchup.com', '', '2013-10-28 18:32:48', '', '', 0),
(55948, 'Haywood H. MCMASTER', '24ed33d551116ef74bf17283c4a86b38.jpg', '15138298516894', 'haywoodh.mcmaster@catchup.com', '', '2013-10-28 18:32:48', '', '', 0),
(55949, 'Darrell L. KLUMP', 'b585b5dc039ab483afc1f3d1f2fe4467.jpg', '86138298516877', 'darrelll.klump@catchup.com', '', '2013-10-28 18:32:48', '', '', 0),
(55950, 'Lilli C. ROSANN', '4bb7b159b311de586b593ab25b6aac3b.jpg', '99138298516826', 'lillic.rosann@catchup.com', '', '2013-10-28 18:32:48', '', '', 0),
(55951, 'Kelleher Q. ONG', '4d63d3c42d546c9ffd3c8577b3a0fd77.jpg', '63138298516897', 'kelleherq.ong@catchup.com', '', '2013-10-28 18:32:48', '', '', 0),
(55952, 'Sweat T. YEE', 'd2955dda07cd60b003f4da2de6d56b84.jpg', '14138298516891', 'sweatt.yee@catchup.com', '', '2013-10-28 18:32:48', '', '', 0),
(55953, 'Mindi L. VANCUREN', '7c7b251b2aaa1931d76992ab7f087b76.jpg', '70138298516824', 'mindil.vancuren@catchup.com', '', '2013-10-28 18:32:48', '', '', 0),
(55954, 'Hayne I. PANEK', 'bc91829c14f8ef261fed875b20b705ca.jpg', '88138298516844', 'haynei.panek@catchup.com', '', '2013-10-28 18:32:48', '', '', 0),
(55955, 'Kelleher C. DENTLER', '336d30cd9018f979c74c186e23989a29.jpg', '75138298516893', 'kelleherc.dentler@catchup.com', '', '2013-10-28 18:32:48', '', '', 0),
(55956, 'Wilken M. BONER', '3ac426acd15cc6ccb9b760622d078393.jpg', '64138298516854', 'wilkenm.boner@catchup.com', '', '2013-10-28 18:32:48', '', '', 0),
(55957, 'Maffei Z. EVERY', '53bb473c07a35f180b23f33fdd52a345.jpg', '71138298516863', 'maffeiz.every@catchup.com', '', '2013-10-28 18:32:48', '', '', 0),
(55958, 'Dale H. KLUMP', 'c7319ff834c1eb9e5cfd5def11f3d124.jpg', '45138298516841', 'daleh.klump@catchup.com', '', '2013-10-28 18:32:48', '', '', 0),
(55959, 'Witman Q. EDNA', 'fd8f77d3f138727c3e7255c9847b02ce.jpg', '47138298516836', 'witmanq.edna@catchup.com', '', '2013-10-28 18:32:48', '', '', 0),
(55960, 'Phebe O. SWEAT', '58e6e52bf55d66c76afa72c6ed5dc922.jpg', '47138298516850', 'phebeo.sweat@catchup.com', '', '2013-10-28 18:32:48', '', '', 0),
(55961, 'Dorado V. VERNIE', 'c9b59b62847337163042a5e9c5f50e63.jpg', '82138298516858', 'doradov.vernie@catchup.com', '', '2013-10-28 18:32:48', '', '', 0),
(55962, 'Panek J. BONER', '6f01c03fbd7997162cbee028a22df6d1.jpg', '54138298516897', 'panekj.boner@catchup.com', '', '2013-10-28 18:32:48', '', '', 0),
(55963, 'Vernie S. HAYMAKER', '80c4e1d0f5a9f7ba1fdd0c8c23f8c475.jpg', '69138298516844', 'vernies.haymaker@catchup.com', '', '2013-10-28 18:32:48', '', '', 0),
(55964, 'Deana T. GLADIS', '3c74ebe3008e784b9f1ab8e3faca8995.jpg', '90138298516824', 'deanat.gladis@catchup.com', '', '2013-10-28 18:32:48', '', '', 0),
(55965, 'Rosann D. LEISY', 'f520dd87db9862a20495931810fa0391.jpg', '86138298516859', 'rosannd.leisy@catchup.com', '', '2013-10-28 18:32:48', '', '', 0),
(55966, 'Maris U. RAIN', '2777e47e844ba9476be15693cdae5ec3.jpg', '71138298516829', 'marisu.rain@catchup.com', '', '2013-10-28 18:32:48', '', '', 0),
(55967, 'Deana R. BONER', 'd05edfcd55d4d51f28767005b886db4b.jpg', '18138298516854', 'deanar.boner@catchup.com', '', '2013-10-28 18:32:48', '', '', 0),
(55968, 'Meisinger O. JACQUETTA', 'fb2035d55378f457e230890ee94439b9.jpg', '64138298516814', 'meisingero.jacquetta@catchup.com', '', '2013-10-28 18:32:48', '', '', 0),
(55969, 'Mcquinn D. KARL', '64522e30e53b6d8ac8e68ad81521a279.jpg', '82138298516881', 'mcquinnd.karl@catchup.com', '', '2013-10-28 18:32:48', '', '', 0),
(55970, 'Every J. WILKEN', '75a6a5c474ecfc1dde71fa14c711cef5.jpg', '84138298516833', 'everyj.wilken@catchup.com', '', '2013-10-28 18:32:48', '', '', 0),
(55971, 'Mcmaster W. KELLEHER', '09963eabd54f46363e67c0cbb2eece71.jpg', '54138298516873', 'mcmasterw.kelleher@catchup.com', '', '2013-10-28 18:32:48', '', '', 0),
(55972, 'Albin O. CATALFAMO', '2a442a9993c448e8dbffad31b9f35207.jpg', '15138298516832', 'albino.catalfamo@catchup.com', '', '2013-10-28 18:32:48', '', '', 0),
(55973, 'Patton Q. TANNER', '3ab1c369f446e6ad4a8337d3869510fd.jpg', '79138298516874', 'pattonq.tanner@catchup.com', '', '2013-10-28 18:32:48', '', '', 0),
(55974, 'Gale I. COLANGELO', '15cdad53968a35691287b2d4c18a4973.jpg', '35138298516894', 'galei.colangelo@catchup.com', '', '2013-10-28 18:32:48', '', '', 0),
(55975, 'Keva C. KELLS', 'ababd517ec3ecb9cad1723ffc75cde44.jpg', '16138298516892', 'kevac.kells@catchup.com', '', '2013-10-28 18:32:48', '', '', 0),
(55976, 'Cammack F. YEE', '0fc38385d510e5a7dee77c4e82e87670.jpg', '47138298516812', 'cammackf.yee@catchup.com', '', '2013-10-28 18:32:48', '', '', 0),
(55977, 'Cornell D. TRICE', 'c127859a6c39bb7cada73d260356b45f.jpg', '94138298516866', 'cornelld.trice@catchup.com', '', '2013-10-28 18:32:48', '', '', 0),
(55978, 'Jessia W. PEA', 'a0f38a9fc18151692eaa6d86a879bbc0.jpg', '20138298516894', 'jessiaw.pea@catchup.com', '', '2013-10-28 18:32:48', '', '', 0),
(55979, 'Talley W. DEANA', '9a9db594eedea0b7d04a9350ef5865a9.jpg', '43138298516866', 'talleyw.deana@catchup.com', '', '2013-10-28 18:32:48', '', '', 0),
(55980, 'Yee U. PHEBE', '677f01c45c15373d39025f8f6ee2a4cb.jpg', '60138298516816', 'yeeu.phebe@catchup.com', '', '2013-10-28 18:32:48', '', '', 0),
(55981, 'Popa W. JENNA', '20f193aa01a8185f774652caf040b07e.jpg', '98138298516895', 'popaw.jenna@catchup.com', '', '2013-10-28 18:32:48', '', '', 0),
(55982, 'Dale V. HAYNE', 'c8394f65ba45de90c94d273f92fdaf91.jpg', '44138298516833', 'dalev.hayne@catchup.com', '', '2013-10-28 18:32:48', '', '', 0),
(55983, 'Jenna Y. KELLEHER', '56f5ff7d150ce764adf5032fcd7f5e20.jpg', '17138298516888', 'jennay.kelleher@catchup.com', '', '2013-10-28 18:32:48', '', '', 0),
(55984, 'Darius R. KARL', '9467ac3d9be45f1e7b0505c08ae5289e.jpg', '29138298516882', 'dariusr.karl@catchup.com', '', '2013-10-28 18:32:48', '', '', 0),
(55985, 'Gladis Q. OREM', '6d4e2253efb70d10fb0789211ccb15e9.jpg', '32138298516811', 'gladisq.orem@catchup.com', '', '2013-10-28 18:32:48', '', '', 0),
(55986, 'Yee N. EDNA', '1fff3fea2c2eb13c7cb36d1ab4a19dc1.jpg', '32138298516817', 'yeen.edna@catchup.com', '', '2013-10-28 18:32:48', '', '', 0),
(55987, 'Maglio E. PHEBE', '6eae8f8ba4558575798332291706b62c.jpg', '15138298516823', 'maglioe.phebe@catchup.com', '', '2013-10-28 18:32:48', '', '', 0),
(55988, 'Tanner E. DONITA', 'e9e5a64a4dae1883183c5339c4853977.jpg', '17138298516860', 'tannere.donita@catchup.com', '', '2013-10-28 18:32:48', '', '', 0),
(55989, 'Noma G. MELANI', 'b7b545ea43f65141df980f0df18602a6.jpg', '67138298516841', 'nomag.melani@catchup.com', '', '2013-10-28 18:32:48', '', '', 0),
(55990, 'Halberg R. DARIUS', '19a11a0bf66bce2afc3965f717b39366.jpg', '19138298516888', 'halbergr.darius@catchup.com', '', '2013-10-28 18:32:48', '', '', 0),
(55991, 'Mcquinn U. VERNIE', '71cee473ce20fa626d2aecd1b56aea71.jpg', '54138298516813', 'mcquinnu.vernie@catchup.com', '', '2013-10-28 18:32:48', '', '', 0),
(55992, 'Cornell U. DEANA', '0f35bafab3b2c44ac4cdee0d4a949bd2.jpg', '41138298516812', 'cornellu.deana@catchup.com', '', '2013-10-28 18:32:48', '', '', 0),
(55993, 'Orem G. PEA', 'f7b22fad2e7180af17617cd2c507d854.jpg', '65138298516836', 'oremg.pea@catchup.com', '', '2013-10-28 18:32:48', '', '', 0),
(55994, 'Klump O. MIREILLE', '298b0941e34eb63df88b27d099e8b2cb.jpg', '39138298516865', 'klumpo.mireille@catchup.com', '', '2013-10-28 18:32:48', '', '', 0),
(55995, 'Darius O. FELTON', '0305c8eacb4edff2cddc972269628b32.jpg', '55138298516829', 'dariuso.felton@catchup.com', '', '2013-10-28 18:32:48', '', '', 0),
(55996, 'Witman W. MAGLIO', 'e347bce28891540cdf37d7e3ec4c47ed.jpg', '33138298516897', 'witmanw.maglio@catchup.com', '', '2013-10-28 18:32:48', '', '', 0),
(55997, 'Sheehan C. LILLI', '60990807f445eb92c9156cb20927f872.jpg', '35138298516862', 'sheehanc.lilli@catchup.com', '', '2013-10-28 18:32:48', '', '', 0),
(55998, 'Edna V. HALBERG', '702a0a8945814282ab0ba7dc894609c7.jpg', '42138298516826', 'ednav.halberg@catchup.com', '', '2013-10-28 18:32:48', '', '', 0),
(55999, 'Donny A. GALE', '488cd535119f98c57126c780a057e116.jpg', '61138298516867', 'donnya.gale@catchup.com', '', '2013-10-28 18:32:48', '', '', 0),
(56000, 'Mcmaster X. VANCUREN', '98102318e21b8aba3e4970cda8fcd691.jpg', '26138298516831', 'mcmasterx.vancuren@catchup.com', '', '2013-10-28 18:32:48', '', '', 0),
(56001, 'Adolph F. DENTLER', '8e1d59a6110839537b3ea800766cf141.jpg', '71138298516874', 'adolphf.dentler@catchup.com', '', '2013-10-28 18:32:48', '', '', 0),
(56002, 'Boner X. RANDY', '1caa9d3cf4a2855ec03263775410db2f.jpg', '91138298516826', 'bonerx.randy@catchup.com', '', '2013-10-28 18:32:48', '', '', 0),
(56003, 'Deana R. COLANGELO', 'd6958e62802ec76d15d01f73ae2c27af.jpg', '39138298516895', 'deanar.colangelo@catchup.com', '', '2013-10-28 18:32:48', '', '', 0),
(56004, 'Cammack D. TONY', 'd52f1f62c9bc3e2e64aaff0f8e6cf2c2.jpg', '28138298516854', 'cammackd.tony@catchup.com', '', '2013-10-28 18:32:48', '', '', 0),
(56005, 'Haymaker P. CATALFAMO', '543269a9a1eb6f6085ff167e06e6bf9e.jpg', '45138298516825', 'haymakerp.catalfamo@catchup.com', '', '2013-10-28 18:32:48', '', '', 0),
(56006, 'Lisandra C. HERMELINDA', 'd0214fc4ef7e7cd58a14c5899d4a28f7.jpg', '39138298516836', 'lisandrac.hermelinda@catchup.com', '', '2013-10-28 18:32:48', '', '', 0),
(56007, 'Keva D. CLAUDIE', '9577cd153da6bb56dad8fdec34a93a5d.jpg', '23138298516883', 'kevad.claudie@catchup.com', '', '2013-10-28 18:32:48', '', '', 0),
(56008, 'Mindi E. PATTON', '998f642794c03cf174733b8bc328037f.jpg', '82138298516818', 'mindie.patton@catchup.com', '', '2013-10-28 18:32:48', '', '', 0),
(56009, 'Popa J. SHEEHAN', '647aa9193d1f9583f611ac2484ccffce.jpg', '26138298516873', 'popaj.sheehan@catchup.com', '', '2013-10-28 18:32:48', '', '', 0),
(56010, 'Lucy A. MASON', '14820fa9b26b2aff37ceeddc225d0de8.jpg', '54138298516831', 'lucya.mason@catchup.com', '', '2013-10-28 18:32:48', '', '', 0),
(56011, 'Klump M. MCQUINN', 'f282362614a101b8becb2653327206d8.jpg', '86138298516887', 'klumpm.mcquinn@catchup.com', '', '2013-10-28 18:32:48', '', '', 0),
(56012, 'Sean A. PHEBE', '770d170fb6a2800a4a3f2ecd4aa9959b.jpg', '18138298516839', 'seana.phebe@catchup.com', '', '2013-10-28 18:32:48', '', '', 0),
(56013, 'Cleopatra K. PANEK', 'd87d3156a30c3235363edede0f90fbde.jpg', '79138298516861', 'cleopatrak.panek@catchup.com', '', '2013-10-28 18:32:48', '', '', 0),
(56014, 'Colangelo Z. KARL', '55774d23e33a6cfbb0ecc9c71be9e9ce.jpg', '10138298516882', 'colangeloz.karl@catchup.com', '', '2013-10-28 18:32:48', '', '', 0),
(56015, 'Mcquinn X. VANCUREN', '4634e0d9ec39076c3236825d96de394b.jpg', '63138298516818', 'mcquinnx.vancuren@catchup.com', '', '2013-10-28 18:32:48', '', '', 0),
(56016, 'Felton H. EVERY', 'e2f7fe8dd9851d645aa180aefcb6bc42.jpg', '74138298516881', 'feltonh.every@catchup.com', '', '2013-10-28 18:32:48', '', '', 0),
(56017, 'Mcnerney B. NAGLE', '488bdce1cdc177b81c2d478ab44155ad.jpg', '28138298516892', 'mcnerneyb.nagle@catchup.com', '', '2013-10-28 18:32:48', '', '', 0),
(56018, 'Rain F. POPA', 'c66ac3c64fdf6bb571b9efee97b11570.jpg', '17138298516837', 'rainf.popa@catchup.com', '', '2013-10-28 18:32:48', '', '', 0),
(56019, 'Noma I. JACQUELYNE', 'a7d34862cbccac908a466572a3c97f14.jpg', '73138298516819', 'nomai.jacquelyne@catchup.com', '', '2013-10-28 18:32:48', '', '', 0),
(56020, 'Melgarejo Z. BEETS', 'abb96788f55b245eb76ff416a67f5492.jpg', '13138298516898', 'melgarejoz.beets@catchup.com', '', '2013-10-28 18:32:48', '', '', 0),
(56021, 'Trice W. MERRI', 'f52cec98ecf0c1df0f263d0934b1fd58.jpg', '16138298516851', 'tricew.merri@catchup.com', '', '2013-10-28 18:32:48', '', '', 0),
(56022, 'Dorado Y. LILLI', '992c3b9de49d529c131a8584a33c782f.jpg', '21138298516871', 'doradoy.lilli@catchup.com', '', '2013-10-28 18:32:48', '', '', 0),
(56023, 'Deana N. PATTON', 'e50ae54a06b440a99a6ae178143c68ec.jpg', '83138298516873', 'deanan.patton@catchup.com', '', '2013-10-28 18:32:48', '', '', 0),
(56024, 'Orem Y. TANNER', 'a9cc1d2766d0268b0513a79a4a01d542.jpg', '61138298516810', 'oremy.tanner@catchup.com', '', '2013-10-28 18:32:48', '', '', 0),
(56025, 'Mindi V. HALBERG', 'a6d99aed20a27cfb6d1508ce33874568.jpg', '95138298516857', 'mindiv.halberg@catchup.com', '', '2013-10-28 18:32:48', '', '', 0),
(56026, 'Mireille G. CATALFAMO', '8826bf84c9ff77d021a9e7941083f74d.jpg', '60138298516834', 'mireilleg.catalfamo@catchup.com', '', '2013-10-28 18:32:48', '', '', 0),
(56027, 'Thong L. LISANDRA', '5fe29bc706bbf788b1927db2424ed8a7.jpg', '45138298516858', 'thongl.lisandra@catchup.com', '', '2013-10-28 18:32:48', '', '', 0),
(56028, 'Sweat K. MELANI', 'd21af64e73d54f77e0a07ff4b0d12c8a.jpg', '44138298516857', 'sweatk.melani@catchup.com', '', '2013-10-28 18:32:48', '', '', 0),
(56029, 'Trish Y. DARIUS', '9d07d2e8c1785de983352f4d85d55ae5.jpg', '91138298516878', 'trishy.darius@catchup.com', '', '2013-10-28 18:32:48', '', '', 0),
(56030, 'Patton O. GLADIS', '5b8390cb1f65abdacd63c1529001f930.jpg', '69138298516822', 'pattono.gladis@catchup.com', '', '2013-10-28 18:32:48', '', '', 0),
(56031, 'Ranger X. PICARD', 'b6216e9f7f9581d7f7eedab45de22a23.jpg', '14138298516884', 'rangerx.picard@catchup.com', '', '2013-10-28 18:32:48', '', '', 0),
(56032, 'Melani N. KELLS', 'e4b505a78d2523dd74f5666223b43f1c.jpg', '99138298516816', 'melanin.kells@catchup.com', '', '2013-10-28 18:32:48', '', '', 0),
(56033, 'Catherina M. VERNIE', 'dc349812a500b01cfee78917736a03dd.jpg', '54138298516890', 'catherinam.vernie@catchup.com', '', '2013-10-28 18:32:48', '', '', 0),
(56034, 'Maris C. YEE', '832cf6efadd6145cb32731f914082813.jpg', '59138298516853', 'marisc.yee@catchup.com', '', '2013-10-28 18:32:48', '', '', 0),
(56035, 'Dentler S. TAVARES', '46674cf0a6e4e66392197d62adb79a47.jpg', '85138298516866', 'dentlers.tavares@catchup.com', '', '2013-10-28 18:32:48', '', '', 0),
(56036, 'Vancuren O. JENNA', '4f0c9bd65b5cdf5f2160cbfbbcb628b1.jpg', '87138298516831', 'vancureno.jenna@catchup.com', '', '2013-10-28 18:32:48', '', '', 0),
(56037, 'Keva O. DOROTHA', 'b09abe3efe7d2d46945f8c3973ac3cc2.jpg', '34138298516864', 'kevao.dorotha@catchup.com', '', '2013-10-28 18:32:48', '', '', 0),
(56038, 'Picard T. RAIN', '7bb0840a138428f24146c1bdc635c91b.jpg', '12138298516878', 'picardt.rain@catchup.com', '', '2013-10-28 18:32:48', '', '', 0),
(56039, 'Vancuren J. NAGLE', 'd662017892ff95193909153af9840ce8.jpg', '73138298516887', 'vancurenj.nagle@catchup.com', '', '2013-10-28 18:32:48', '', '', 0),
(56040, 'Lisandra T. PHEBE', 'a133105a6b97f9d07f3bf33bd02e4664.jpg', '48138298516838', 'lisandrat.phebe@catchup.com', '', '2013-10-28 18:32:48', '', '', 0),
(56041, 'Dominica G. BONER', 'be365a00acfea7141394eba63365ef6a.jpg', '87138298516816', 'dominicag.boner@catchup.com', '', '2013-10-28 18:32:48', '', '', 0),
(56042, 'Paola B. OREM', 'dec7be1a3ca5a34ab27ab0ef864f0553.jpg', '86138298516891', 'paolab.orem@catchup.com', '', '2013-10-28 18:32:48', '', '', 0),
(56043, 'Felton E. PANEK', '1069bd89813a192f4c2890bcb8d6d736.jpg', '11138298516850', 'feltone.panek@catchup.com', '', '2013-10-28 18:32:48', '', '', 0),
(56044, 'Ingenito Z. MAFFEI', 'dc759c839cb76d08590cc04a226bbd16.jpg', '25138298516899', 'ingenitoz.maffei@catchup.com', '', '2013-10-28 18:32:48', '', '', 0),
(56045, 'Phebe J. MITZI', '8c68c8f12bd305d918a3c52168a10bdb.jpg', '29138298516814', 'phebej.mitzi@catchup.com', '', '2013-10-28 18:32:48', '', '', 0),
(56046, 'Mindi J. LIZZIE', '0e49e7d70fcb4af1bbc71d72c3826b21.jpg', '27138298516881', 'mindij.lizzie@catchup.com', '', '2013-10-28 18:32:48', '', '', 0);
INSERT INTO `tbl_user` (`user_id`, `user_name`, `user_avatar_filename`, `user_mobile`, `user_email`, `user_status`, `user_create_at`, `verification_code`, `device_id`, `has_verified`) VALUES
(56047, 'Lisandra Q. DARIUS', '7ef05f81a8c8d6bb0030a0a735521a4a.jpg', '26138298516855', 'lisandraq.darius@catchup.com', '', '2013-10-28 18:32:48', '', '', 0),
(56048, 'Dale V. LEMELIN', '59601052f01589010cbcfb9786bc2df5.jpg', '78138298516872', 'dalev.lemelin@catchup.com', '', '2013-10-28 18:32:48', '', '', 0),
(56049, 'Dominica Q. JACQUETTA', '6e3289fb537aa95a4e8535729d58dd65.jpg', '90138298516869', 'dominicaq.jacquetta@catchup.com', '', '2013-10-28 18:32:48', '', '', 0),
(56050, 'Angert Y. CECILLE', '2ebabb0b48ba83343ad3fa0730220a16.jpg', '57138298516820', 'angerty.cecille@catchup.com', '', '2013-10-28 18:32:48', '', '', 0),
(56051, 'Cecille M. MIREILLE', '0dc35015cc941c5fd0148ead345d9166.jpg', '98138298516874', 'cecillem.mireille@catchup.com', '', '2013-10-28 18:32:48', '', '', 0),
(56052, 'Vernie F. KELLS', '26d1b5dbcb8f41c75e4a4e17a5552370.jpg', '40138298516846', 'vernief.kells@catchup.com', '', '2013-10-28 18:32:48', '', '', 0),
(56053, 'Jacquetta M. BONER', 'b6db7187be9ba621bfdce932e54642b1.jpg', '90138298516869', 'jacquettam.boner@catchup.com', '', '2013-10-28 18:32:48', '', '', 0),
(56054, 'Lemelin Z. CLAUDIE', '1eb11fa24ee08cfd3e94c24569ad2a96.jpg', '16138298516878', 'lemelinz.claudie@catchup.com', '', '2013-10-28 18:32:48', '', '', 0),
(56055, 'Pea N. ELI', '1bda12a30989d1ba92a4bbe3f44c78c8.jpg', '15138298516847', 'pean.eli@catchup.com', '', '2013-10-28 18:32:48', '', '', 0),
(56056, 'Maris J. MITZI', 'f01689249cd5f8bb872f39d7a2ef1894.jpg', '71138298516890', 'marisj.mitzi@catchup.com', '', '2013-10-28 18:32:48', '', '', 0),
(56057, 'Melani I. KELLEHER', 'bd50a712065b02066874939f548416c1.jpg', '95138298516836', 'melanii.kelleher@catchup.com', '', '2013-10-28 18:32:48', '', '', 0),
(56058, 'Dale M. CLAUDIE', '11332c6d68b1d2481a33637c2ba07a6f.jpg', '26138298516883', 'dalem.claudie@catchup.com', '', '2013-10-28 18:32:48', '', '', 0),
(56059, 'Merri B. MELGAREJO', '9e474b6b3aeda5250da138277ec86799.jpg', '94138298516895', 'merrib.melgarejo@catchup.com', '', '2013-10-28 18:32:48', '', '', 0),
(56060, 'Picard M. GENEVA', 'ef25c1fe5f10f4b8746bab227be2c04a.jpg', '51138298516860', 'picardm.geneva@catchup.com', '', '2013-10-28 18:32:48', '', '', 0),
(56061, 'Lucy R. KELLS', '0e54b33fea01baf7ce30a9b578b02219.jpg', '19138298516874', 'lucyr.kells@catchup.com', '', '2013-10-28 18:32:48', '', '', 0),
(56062, 'Melani E. BEETS', '420e64716c8bd210defb8cad092167d4.jpg', '86138298516886', 'melanie.beets@catchup.com', '', '2013-10-28 18:32:48', '', '', 0),
(56063, 'Dorado I. TRISH', '33f2db6586c75cc2940631cd09cf3089.jpg', '44138298516836', 'doradoi.trish@catchup.com', '', '2013-10-28 18:32:48', '', '', 0),
(56064, 'Panek M. LILLI', '303a5e46f43574dd966b9cf78aa5be15.jpg', '96138298516871', 'panekm.lilli@catchup.com', '', '2013-10-28 18:32:48', '', '', 0),
(56065, 'Meisinger W. PATTON', '3c2a2bab24d76ae4e674c2156b1e972a.jpg', '88138298516882', 'meisingerw.patton@catchup.com', '', '2013-10-28 18:32:48', '', '', 0),
(56066, 'Gladis V. YEE', '651259476a90b4b1ea4b35e7c450d8c0.jpg', '66138298516836', 'gladisv.yee@catchup.com', '', '2013-10-28 18:32:48', '', '', 0),
(56067, 'Mason I. GENEVA', '707d898dc3fc95141386be73c2290f4e.jpg', '92138298516849', 'masoni.geneva@catchup.com', '', '2013-10-28 18:32:48', '', '', 0),
(56068, 'Paola K. JESSIA', '2ebddcb27b73cca45dc80678d67ec054.jpg', '78138298516832', 'paolak.jessia@catchup.com', '', '2013-10-28 18:32:48', '', '', 0),
(56069, 'Mireille T. BOHANON', 'b64dfb8bdec4ca45852b6f8baea39615.jpg', '66138298516821', 'mireillet.bohanon@catchup.com', '', '2013-10-28 18:32:48', '', '', 0),
(56070, 'Felton C. CECILLE', '9635e8210579df6c7290519b1ba08f7c.jpg', '68138298516813', 'feltonc.cecille@catchup.com', '', '2013-10-28 18:32:48', '', '', 0),
(56071, 'Mildred F. MERRI', '5fe32d3b48cbfcefb6ea890ef5015524.jpg', '12138298516819', 'mildredf.merri@catchup.com', '', '2013-10-28 18:32:48', '', '', 0),
(56072, 'Lucy S. ALBIN', '7a9f961453f20f3bafbdfbbb0a6312b1.jpg', '99138298516840', 'lucys.albin@catchup.com', '', '2013-10-28 18:32:48', '', '', 0),
(56073, 'Witman V. CLICK', '5448e0626a354952522fd925123516e5.jpg', '26138298516877', 'witmanv.click@catchup.com', '', '2013-10-28 18:32:48', '', '', 0),
(56074, 'Rain W. LISANDRA', '225def7eff94ee84220e6ac4188af5c5.jpg', '75138298516864', 'rainw.lisandra@catchup.com', '', '2013-10-28 18:32:48', '', '', 0),
(56075, 'Kelleher E. HALBERG', '461be9b5125713f2c7cf0f7b57b76cdf.jpg', '99138298516882', 'kellehere.halberg@catchup.com', '', '2013-10-28 18:32:48', '', '', 0),
(56076, 'Melani W. FELTON', '93d904ac1e674eea2bb72bc319f9c60a.jpg', '19138298516856', 'melaniw.felton@catchup.com', '', '2013-10-28 18:32:48', '', '', 0),
(56077, 'Tanner K. SHEEHAN', '62e418db4efb6235c3ff7020a97485bd.jpg', '84138298516849', 'tannerk.sheehan@catchup.com', '', '2013-10-28 18:32:48', '', '', 0),
(56078, 'Cammack N. HAYNE', '9a74f311087f32d9175a062687514eb5.jpg', '81138298516857', 'cammackn.hayne@catchup.com', '', '2013-10-28 18:32:48', '', '', 0),
(56079, 'Thong A. HALBERG', '86f6340deb76d4b6f370e45a1807283e.jpg', '25138298516829', 'thonga.halberg@catchup.com', '', '2013-10-28 18:32:48', '', '', 0),
(56080, 'Beets H. MARIS', '50dacf16c0bdd02611871af7a7cd6fa2.jpg', '32138298516811', 'beetsh.maris@catchup.com', '', '2013-10-28 18:32:48', '', '', 0),
(56081, 'Paola Q. PEA', 'df16e593c22068758dae26fb6759e2f4.jpg', '11138298516867', 'paolaq.pea@catchup.com', '', '2013-10-28 18:32:48', '', '', 0),
(56082, 'Sean N. CLAUDIE', '87d805d173a135965dc743cb8adb4069.jpg', '90138298516865', 'seann.claudie@catchup.com', '', '2013-10-28 18:32:48', '', '', 0),
(56083, 'Boner V. PARRY', '2f5cb9716a7778726fbb12d32bb832f3.jpg', '80138298516867', 'bonerv.parry@catchup.com', '', '2013-10-28 18:32:48', '', '', 0),
(56084, 'Panek Q. VANCUREN', 'c7210a5d95f5328d76c6383e0c36739a.jpg', '65138298516848', 'panekq.vancuren@catchup.com', '', '2013-10-28 18:32:48', '', '', 0),
(56085, 'Ranger C. PANEK', '5b2aa3cbeaaa58b5210d9ff57a92cdb6.jpg', '14138298516835', 'rangerc.panek@catchup.com', '', '2013-10-28 18:32:48', '', '', 0),
(56086, 'Click D. MEISINGER', '34166aa24c206c9f350dc1f3df83bc55.jpg', '75138298516845', 'clickd.meisinger@catchup.com', '', '2013-10-28 18:32:48', '', '', 0),
(56087, 'Randy K. ROSANN', '3d6542a6968486cdf0aa92692b9c8118.jpg', '80138298516847', 'randyk.rosann@catchup.com', '', '2013-10-28 18:32:48', '', '', 0),
(56088, 'Click U. TANNER', 'b5a5dc5bb5ef7b83ddd739cdf7bd4102.jpg', '26138298516870', 'clicku.tanner@catchup.com', '', '2013-10-28 18:32:48', '', '', 0),
(56089, 'Lemelin F. THONG', 'f3a036400984e6648c36a833bb4d87ae.jpg', '59138298516899', 'lemelinf.thong@catchup.com', '', '2013-10-28 18:32:48', '', '', 0),
(56090, 'Every A. WITT', 'f73b4fb97199789eb81695f61d4c63d1.jpg', '37138298516866', 'everya.witt@catchup.com', '', '2013-10-28 18:32:48', '', '', 0),
(56091, 'Maris A. PATTON', '18724588bafbe7e364193082e38c9480.jpg', '57138298516815', 'marisa.patton@catchup.com', '', '2013-10-28 18:32:48', '', '', 0),
(56092, 'Parry F. DARRELL', '4db152898178d93172c77f99375d26ea.jpg', '63138298516893', 'parryf.darrell@catchup.com', '', '2013-10-28 18:32:48', '', '', 0),
(56093, 'Jessia E. KEVA', 'ecdcb23b8d167ceb73a2eacd9be758f3.jpg', '67138298516896', 'jessiae.keva@catchup.com', '', '2013-10-28 18:32:48', '', '', 0),
(56094, 'Karl I. KARL', '1640a84628f8bb196b58660b51755829.jpg', '70138298516855', 'karli.karl@catchup.com', '', '2013-10-28 18:32:48', '', '', 0),
(56095, 'Gale F. MCMASTER', '989b1571a97131158b7caa2eff52b2ac.jpg', '92138298516878', 'galef.mcmaster@catchup.com', '', '2013-10-28 18:32:48', '', '', 0),
(56096, 'Mcmaster B. LEISY', '2c4cf0b436a8d1de079c7396e673dd0a.jpg', '41138298516841', 'mcmasterb.leisy@catchup.com', '', '2013-10-28 18:32:48', '', '', 0),
(56097, 'Kelleher K. MITZI', '71572ddab4e8af8baad150fa7dad2903.jpg', '22138298516894', 'kelleherk.mitzi@catchup.com', '', '2013-10-28 18:32:48', '', '', 0),
(56098, 'Tavares E. LISANDRA', 'cd074cdccfecc0ffceaed624bfe59d74.jpg', '66138298516877', 'tavarese.lisandra@catchup.com', '', '2013-10-28 18:32:48', '', '', 0),
(56099, 'Maris F. TANNER', 'bf284d7afacfc9e430e574a93d242a25.jpg', '45138298516888', 'marisf.tanner@catchup.com', '', '2013-10-28 18:32:48', '', '', 0),
(56100, 'Trice D. JENNA', '727a7f43eced2c6e7c40129dd9550ab6.jpg', '67138298516883', 'triced.jenna@catchup.com', '', '2013-10-28 18:32:48', '', '', 0),
(56101, 'Gladis B. DARIUS', '3ca12f893b5a2cc99956421b42938fa3.jpg', '46138298516897', 'gladisb.darius@catchup.com', '', '2013-10-28 18:32:48', '', '', 0),
(56102, 'Tony D. DARIUS', 'bfc5a67fbe2f86891bb707267290845b.jpg', '60138298516852', 'tonyd.darius@catchup.com', '', '2013-10-28 18:32:48', '', '', 0),
(56103, 'Mcnerney Y. TRICE', 'daa4f3a2d16b52e0025229174dd05755.jpg', '76138298516818', 'mcnerneyy.trice@catchup.com', '', '2013-10-28 18:32:48', '', '', 0),
(56104, 'Mcquinn E. NOMA', '7edb64762fa9e1d74ca3e01d2447a89b.jpg', '97138298516880', 'mcquinne.noma@catchup.com', '', '2013-10-28 18:32:48', '', '', 0),
(56105, 'Dorado B. SEAN', '5e4a8ff544626ddf42206022d7d738ba.jpg', '93138298516849', 'doradob.sean@catchup.com', '', '2013-10-28 18:32:48', '', '', 0),
(56106, 'Maglio V. RANDY', 'a49d6a183645f9b18fb366716530e534.jpg', '15138298516851', 'magliov.randy@catchup.com', '', '2013-10-28 18:32:48', '', '', 0),
(56107, 'Eli T. CATALFAMO', '92c6577d3ac2205ede746877cf971985.jpg', '48138298516824', 'elit.catalfamo@catchup.com', '', '2013-10-28 18:32:48', '', '', 0),
(56108, 'Thong F. YEE', '477ce331a30c56b0e4a1f65bbba153c3.jpg', '56138298516879', 'thongf.yee@catchup.com', '', '2013-10-28 18:32:48', '', '', 0),
(56109, 'Sheehan X. PATTON', '04f2d6e435af85ef16ba3f8476b7c0ef.jpg', '68138298516867', 'sheehanx.patton@catchup.com', '', '2013-10-28 18:32:48', '', '', 0),
(56110, 'Mcquinn M. ADOLPH', 'dcbad0843f7cc65679395b9d6254a1a5.jpg', '17138298516851', 'mcquinnm.adolph@catchup.com', '', '2013-10-28 18:32:48', '', '', 0),
(56111, 'Meisinger C. CLAUDIE', '7cd3d9d3d5496ea6ace2b1c37a3cc1c2.jpg', '61138298516810', 'meisingerc.claudie@catchup.com', '', '2013-10-28 18:32:48', '', '', 0),
(56112, 'Geneva L. LIZZIE', 'c22a6e9866a452ec92bf16eb9c0bfc5b.jpg', '58138298516855', 'geneval.lizzie@catchup.com', '', '2013-10-28 18:32:48', '', '', 0),
(56113, 'Colangelo Y. NAGLE', '7545ef8a81d404388367de2ccf793cf1.jpg', '81138298516843', 'colangeloy.nagle@catchup.com', '', '2013-10-28 18:32:48', '', '', 0),
(56114, 'Tavares H. BOHANON', '30496ff52a53870470be73f4e45fb5d3.jpg', '72138298516882', 'tavaresh.bohanon@catchup.com', '', '2013-10-28 18:32:48', '', '', 0),
(56115, 'Mcnerney L. LUCY', 'de45dc9224716c3cea26eea064f7243d.jpg', '19138298516818', 'mcnerneyl.lucy@catchup.com', '', '2013-10-28 18:32:48', '', '', 0),
(56116, 'Catherina Y. RANDY', 'b49f5956aed581a1d0ece54c49850738.jpg', '21138298516811', 'catherinay.randy@catchup.com', '', '2013-10-28 18:32:48', '', '', 0),
(56117, 'Rosann S. BEETS', 'fa4bc1260ee93a3ab8e818ce20ed28d4.jpg', '58138298516835', 'rosanns.beets@catchup.com', '', '2013-10-28 18:32:48', '', '', 0),
(56118, 'Dale M. JACQUELYNE', 'c11adf97ec3b1500d133c7b99cc3614f.jpg', '93138298516812', 'dalem.jacquelyne@catchup.com', '', '2013-10-28 18:32:48', '', '', 0),
(56119, 'Witman F. PHEBE', '74febe99d3e2957717f9c2734014e7ef.jpg', '54138298516810', 'witmanf.phebe@catchup.com', '', '2013-10-28 18:32:48', '', '', 0),
(56120, 'Catherina X. MELGAREJO', '3f709c3e67c62364839b5f174d7aad38.jpg', '+852 9606 3356', 'catherinax.melgarejo@catchup.com', '', '2014-04-26 15:26:34', '', '', 0),
(999008, 'Tester8', 'Avatar8', '852123456008', 'Tester8@test.com', '', '2012-03-03 21:06:14', '', '', 0),
(999006, 'Tester6', 'Avatar6', '852123456006', 'Tester6@test.com', '', '2012-03-03 21:06:12', '', '', 0),
(999007, 'Tester7', 'Avatar7', '852123456007', 'Tester7@test.com', '', '2012-03-03 21:06:13', '', '', 0),
(999027, '', 'avatars/9990271394373744999027.jpg', '85295112709', '', '', '2014-03-09 14:12:51', '813172', '', 0),
(999028, 'J2', 'avatars/9990281398484662999028.jpg', '85292732022', 'jackyyipck@gmail.com', '', '2014-04-26 03:57:42', '789277', '2CAB0C97-E7BF-42AA-AD9D-626C8DB37145', 1),
(999005, 'Tester5', 'Avatar5', '852123456005', 'Tester5@test.com', '', '2012-03-03 21:06:11', '', '', 0),
(999032, 'Erwin Chan', 'avatars/9990321395588523999032.jpg', '+852-95112709', 'seayu@outlook.com', '', '2014-03-23 16:21:54', '902123', '', 0),
(999031, 'Jacky at MBP', 'avatars/9990311394949815999031.jpg', '852852', 'Abcde', '', '2014-03-16 06:03:35', '446495', '', 1),
(999077, 'TBD', NULL, '+852 9511 2709', NULL, NULL, '2014-04-27 06:42:12', '323958', '3073464F-A627-4A57-9120-293CFABE3A69', 0),
(999004, 'Tester4', 'Avatar4', '852123456004', 'Tester4@test.com', '', '2012-03-03 21:06:10', '', '', 0),
(999047, 'Keith', NULL, '852475837', NULL, '', '2014-04-26 04:05:45', '388090', '270FA0FA-32CE-4C05-83D2-4C5050B64F01', 0),
(999003, 'Tester3', 'Avatar3', '852123456003', 'Tester3@test.com', '', '2012-03-03 21:06:09', '', '', 0),
(999002, 'Tester2', 'Avatar2', '852123456002', 'Tester2@test.com', '', '2012-03-03 21:06:08', '', '', 0),
(999001, 'Tester1', 'Avatar1', '852123456001', 'Tester1@test.com', '', '2012-03-03 21:06:07', '', '', 0);

/*!40101 SET CHARACTER_SET_CLIENT=@OLD_CHARACTER_SET_CLIENT */;
/*!40101 SET CHARACTER_SET_RESULTS=@OLD_CHARACTER_SET_RESULTS */;
/*!40101 SET COLLATION_CONNECTION=@OLD_COLLATION_CONNECTION */;
         